{
  "fio version" : "fio-3.33",
  "timestamp" : 1727438818,
  "timestamp_ms" : 1727438818135,
  "time" : "Fri Sep 27 19:06:58 2024",
  "jobs" : [
    {
      "jobname" : "file",
      "groupid" : 0,
      "error" : 0,
      "eta" : 0,
      "elapsed" : 31,
      "job options" : {
        "rw" : "rw",
        "size" : "80%",
        "rwmixread" : "0",
        "bs" : "1024k",
        "ioengine" : "libaio",
        "iodepth" : "16",
        "direct" : "1",
        "runtime" : "30",
        "numjobs" : "1",
        "filename" : "/dev/sda"
      },
      "read" : {
        "io_bytes" : 0,
        "io_kbytes" : 0,
        "bw_bytes" : 0,
        "bw" : 0,
        "iops" : 0.000000,
        "runtime" : 0,
        "total_ios" : 0,
        "short_ios" : 0,
        "drop_ios" : 0,
        "slat_ns" : {
          "min" : 0,
          "max" : 0,
          "mean" : 0.000000,
          "stddev" : 0.000000,
          "N" : 0
        },
        "clat_ns" : {
          "min" : 0,
          "max" : 0,
          "mean" : 0.000000,
          "stddev" : 0.000000,
          "N" : 0
        },
        "lat_ns" : {
          "min" : 0,
          "max" : 0,
          "mean" : 0.000000,
          "stddev" : 0.000000,
          "N" : 0
        },
        "bw_min" : 0,
        "bw_max" : 0,
        "bw_agg" : 0.000000,
        "bw_mean" : 0.000000,
        "bw_dev" : 0.000000,
        "bw_samples" : 0,
        "iops_min" : 0,
        "iops_max" : 0,
        "iops_mean" : 0.000000,
        "iops_stddev" : 0.000000,
        "iops_samples" : 0
      },
      "write" : {
        "io_bytes" : 4816109568,
        "io_kbytes" : 4703232,
        "bw_bytes" : 160189907,
        "bw" : 156435,
        "iops" : 152.769000,
        "runtime" : 30065,
        "total_ios" : 4593,
        "short_ios" : 0,
        "drop_ios" : 0,
        "slat_ns" : {
          "min" : 16464,
          "max" : 19952158,
          "mean" : 48539.288918,
          "stddev" : 294458.833103,
          "N" : 4593
        },
        "clat_ns" : {
          "min" : 938542,
          "max" : 2601383374,
          "mean" : 104666212.390159,
          "stddev" : 201707036.126418,
          "N" : 4593,
          "percentile" : {
            "1.000000" : 34865152,
            "5.000000" : 38010880,
            "10.000000" : 40632320,
            "20.000000" : 45875200,
            "30.000000" : 49545216,
            "40.000000" : 53739520,
            "50.000000" : 58982400,
            "60.000000" : 65798144,
            "70.000000" : 73924608,
            "80.000000" : 87556096,
            "90.000000" : 123207680,
            "95.000000" : 278921216,
            "99.000000" : 1199570944,
            "99.500000" : 1333788672,
            "99.900000" : 2533359616,
            "99.950000" : 2600468480,
            "99.990000" : 2600468480
          }
        },
        "lat_ns" : {
          "min" : 1014044,
          "max" : 2601450739,
          "mean" : 104714751.679077,
          "stddev" : 201706178.530205,
          "N" : 4593
        },
        "bw_min" : 4096,
        "bw_max" : 327680,
        "bw_agg" : 100.000000,
        "bw_mean" : 172577.094340,
        "bw_dev" : 106680.609969,
        "bw_samples" : 53,
        "iops_min" : 4,
        "iops_max" : 320,
        "iops_mean" : 168.169811,
        "iops_stddev" : 104.260350,
        "iops_samples" : 53
      },
      "trim" : {
        "io_bytes" : 0,
        "io_kbytes" : 0,
        "bw_bytes" : 0,
        "bw" : 0,
        "iops" : 0.000000,
        "runtime" : 0,
        "total_ios" : 0,
        "short_ios" : 0,
        "drop_ios" : 0,
        "slat_ns" : {
          "min" : 0,
          "max" : 0,
          "mean" : 0.000000,
          "stddev" : 0.000000,
          "N" : 0
        },
        "clat_ns" : {
          "min" : 0,
          "max" : 0,
          "mean" : 0.000000,
          "stddev" : 0.000000,
          "N" : 0
        },
        "lat_ns" : {
          "min" : 0,
          "max" : 0,
          "mean" : 0.000000,
          "stddev" : 0.000000,
          "N" : 0
        },
        "bw_min" : 0,
        "bw_max" : 0,
        "bw_agg" : 0.000000,
        "bw_mean" : 0.000000,
        "bw_dev" : 0.000000,
        "bw_samples" : 0,
        "iops_min" : 0,
        "iops_max" : 0,
        "iops_mean" : 0.000000,
        "iops_stddev" : 0.000000,
        "iops_samples" : 0
      },
      "sync" : {
        "total_ios" : 0,
        "lat_ns" : {
          "min" : 0,
          "max" : 0,
          "mean" : 0.000000,
          "stddev" : 0.000000,
          "N" : 0
        }
      },
      "job_runtime" : 30064,
      "usr_cpu" : 0.345929,
      "sys_cpu" : 0.588744,
      "ctx" : 2853,
      "majf" : 0,
      "minf" : 1,
      "iodepth_level" : {
        "1" : 0.100000,
        "2" : 0.100000,
        "4" : 0.100000,
        "8" : 0.174178,
        "16" : 99.673416,
        "32" : 0.000000,
        ">=64" : 0.000000
      },
      "iodepth_submit" : {
        "0" : 0.000000,
        "4" : 100.000000,
        "8" : 0.000000,
        "16" : 0.000000,
        "32" : 0.000000,
        "64" : 0.000000,
        ">=64" : 0.000000
      },
      "iodepth_complete" : {
        "0" : 0.000000,
        "4" : 99.978161,
        "8" : 0.000000,
        "16" : 0.100000,
        "32" : 0.000000,
        "64" : 0.000000,
        ">=64" : 0.000000
      },
      "latency_ns" : {
        "2" : 0.000000,
        "4" : 0.000000,
        "10" : 0.000000,
        "20" : 0.000000,
        "50" : 0.000000,
        "100" : 0.000000,
        "250" : 0.000000,
        "500" : 0.000000,
        "750" : 0.000000,
        "1000" : 0.000000
      },
      "latency_us" : {
        "2" : 0.000000,
        "4" : 0.000000,
        "10" : 0.000000,
        "20" : 0.000000,
        "50" : 0.000000,
        "100" : 0.000000,
        "250" : 0.000000,
        "500" : 0.000000,
        "750" : 0.000000,
        "1000" : 0.021772
      },
      "latency_ms" : {
        "2" : 0.021772,
        "4" : 0.000000,
        "10" : 0.000000,
        "20" : 0.000000,
        "50" : 30.285217,
        "100" : 54.757239,
        "250" : 9.470934,
        "500" : 1.937731,
        "750" : 1.066841,
        "1000" : 1.175702,
        "2000" : 1.066841,
        ">=2000" : 0.195950
      },
      "latency_depth" : 16,
      "latency_target" : 0,
      "latency_percentile" : 100.000000,
      "latency_window" : 0
    }
  ],
  "disk_util" : [
    {
      "name" : "sda",
      "read_ios" : 51,
      "write_ios" : 4568,
      "read_merges" : 0,
      "write_merges" : 0,
      "read_ticks" : 114,
      "write_ticks" : 478493,
      "in_queue" : 478608,
      "util" : 100.000000
    }
  ]
}
