{
  "fio version" : "fio-3.33",
  "timestamp" : 1727438722,
  "timestamp_ms" : 1727438722327,
  "time" : "Fri Sep 27 19:05:22 2024",
  "jobs" : [
    {
      "jobname" : "file",
      "groupid" : 0,
      "error" : 0,
      "eta" : 0,
      "elapsed" : 33,
      "job options" : {
        "rw" : "rw",
        "size" : "80%",
        "rwmixread" : "0",
        "bs" : "128k",
        "ioengine" : "libaio",
        "iodepth" : "16",
        "direct" : "1",
        "runtime" : "30",
        "numjobs" : "1",
        "filename" : "/dev/sda"
      },
      "read" : {
        "io_bytes" : 0,
        "io_kbytes" : 0,
        "bw_bytes" : 0,
        "bw" : 0,
        "iops" : 0.000000,
        "runtime" : 0,
        "total_ios" : 0,
        "short_ios" : 0,
        "drop_ios" : 0,
        "slat_ns" : {
          "min" : 0,
          "max" : 0,
          "mean" : 0.000000,
          "stddev" : 0.000000,
          "N" : 0
        },
        "clat_ns" : {
          "min" : 0,
          "max" : 0,
          "mean" : 0.000000,
          "stddev" : 0.000000,
          "N" : 0
        },
        "lat_ns" : {
          "min" : 0,
          "max" : 0,
          "mean" : 0.000000,
          "stddev" : 0.000000,
          "N" : 0
        },
        "bw_min" : 0,
        "bw_max" : 0,
        "bw_agg" : 0.000000,
        "bw_mean" : 0.000000,
        "bw_dev" : 0.000000,
        "bw_samples" : 0,
        "iops_min" : 0,
        "iops_max" : 0,
        "iops_mean" : 0.000000,
        "iops_stddev" : 0.000000,
        "iops_samples" : 0
      },
      "write" : {
        "io_bytes" : 2901147648,
        "io_kbytes" : 2833152,
        "bw_bytes" : 88517090,
        "bw" : 86442,
        "iops" : 675.331808,
        "runtime" : 32775,
        "total_ios" : 22134,
        "short_ios" : 0,
        "drop_ios" : 0,
        "slat_ns" : {
          "min" : 10077,
          "max" : 2418404,
          "mean" : 24766.587151,
          "stddev" : 28788.751978,
          "N" : 22134
        },
        "clat_ns" : {
          "min" : 18973,
          "max" : 4261511705,
          "mean" : 23543077.588552,
          "stddev" : 144615862.497672,
          "N" : 22134,
          "percentile" : {
            "1.000000" : 49408,
            "5.000000" : 56576,
            "10.000000" : 63232,
            "20.000000" : 77312,
            "30.000000" : 96768,
            "40.000000" : 117248,
            "50.000000" : 154624,
            "60.000000" : 12386304,
            "70.000000" : 17432576,
            "80.000000" : 23199744,
            "90.000000" : 34865152,
            "95.000000" : 53739520,
            "99.000000" : 295698432,
            "99.500000" : 893386752,
            "99.900000" : 2332033024,
            "99.950000" : 2835349504,
            "99.990000" : 4211081216
          }
        },
        "lat_ns" : {
          "min" : 58098,
          "max" : 4261569944,
          "mean" : 23567844.175702,
          "stddev" : 144616246.665830,
          "N" : 22134
        },
        "bw_min" : 766,
        "bw_max" : 257792,
        "bw_agg" : 100.000000,
        "bw_mean" : 97430.827586,
        "bw_dev" : 93597.962629,
        "bw_samples" : 58,
        "iops_min" : 5,
        "iops_max" : 2014,
        "iops_mean" : 760.775862,
        "iops_stddev" : 731.407848,
        "iops_samples" : 58
      },
      "trim" : {
        "io_bytes" : 0,
        "io_kbytes" : 0,
        "bw_bytes" : 0,
        "bw" : 0,
        "iops" : 0.000000,
        "runtime" : 0,
        "total_ios" : 0,
        "short_ios" : 0,
        "drop_ios" : 0,
        "slat_ns" : {
          "min" : 0,
          "max" : 0,
          "mean" : 0.000000,
          "stddev" : 0.000000,
          "N" : 0
        },
        "clat_ns" : {
          "min" : 0,
          "max" : 0,
          "mean" : 0.000000,
          "stddev" : 0.000000,
          "N" : 0
        },
        "lat_ns" : {
          "min" : 0,
          "max" : 0,
          "mean" : 0.000000,
          "stddev" : 0.000000,
          "N" : 0
        },
        "bw_min" : 0,
        "bw_max" : 0,
        "bw_agg" : 0.000000,
        "bw_mean" : 0.000000,
        "bw_dev" : 0.000000,
        "bw_samples" : 0,
        "iops_min" : 0,
        "iops_max" : 0,
        "iops_mean" : 0.000000,
        "iops_stddev" : 0.000000,
        "iops_samples" : 0
      },
      "sync" : {
        "total_ios" : 0,
        "lat_ns" : {
          "min" : 0,
          "max" : 0,
          "mean" : 0.000000,
          "stddev" : 0.000000,
          "N" : 0
        }
      },
      "job_runtime" : 32774,
      "usr_cpu" : 0.262403,
      "sys_cpu" : 2.007689,
      "ctx" : 15920,
      "majf" : 0,
      "minf" : 1,
      "iodepth_level" : {
        "1" : 0.100000,
        "2" : 0.100000,
        "4" : 0.100000,
        "8" : 0.100000,
        "16" : 99.932231,
        "32" : 0.000000,
        ">=64" : 0.000000
      },
      "iodepth_submit" : {
        "0" : 0.000000,
        "4" : 100.000000,
        "8" : 0.000000,
        "16" : 0.000000,
        "32" : 0.000000,
        "64" : 0.000000,
        ">=64" : 0.000000
      },
      "iodepth_complete" : {
        "0" : 0.000000,
        "4" : 99.995479,
        "8" : 0.000000,
        "16" : 0.100000,
        "32" : 0.000000,
        "64" : 0.000000,
        ">=64" : 0.000000
      },
      "latency_ns" : {
        "2" : 0.000000,
        "4" : 0.000000,
        "10" : 0.000000,
        "20" : 0.000000,
        "50" : 0.000000,
        "100" : 0.000000,
        "250" : 0.000000,
        "500" : 0.000000,
        "750" : 0.000000,
        "1000" : 0.000000
      },
      "latency_us" : {
        "2" : 0.000000,
        "4" : 0.000000,
        "10" : 0.000000,
        "20" : 0.010000,
        "50" : 1.459293,
        "100" : 30.184332,
        "250" : 24.098672,
        "500" : 2.069215,
        "750" : 0.402096,
        "1000" : 0.212343
      },
      "latency_ms" : {
        "2" : 0.325291,
        "4" : 0.067769,
        "10" : 0.465347,
        "20" : 15.839884,
        "50" : 19.517484,
        "100" : 3.627903,
        "250" : 0.551188,
        "500" : 0.510527,
        "750" : 0.072287,
        "1000" : 0.203307,
        "2000" : 0.253004,
        ">=2000" : 0.135538
      },
      "latency_depth" : 16,
      "latency_target" : 0,
      "latency_percentile" : 100.000000,
      "latency_window" : 0
    }
  ],
  "disk_util" : [
    {
      "name" : "sda",
      "read_ios" : 51,
      "write_ios" : 22130,
      "read_merges" : 0,
      "write_merges" : 0,
      "read_ticks" : 27,
      "write_ticks" : 487960,
      "in_queue" : 487988,
      "util" : 99.954166
    }
  ]
}
