{
  "fio version" : "fio-3.33",
  "timestamp" : 1727438628,
  "timestamp_ms" : 1727438628392,
  "time" : "Fri Sep 27 19:03:48 2024",
  "jobs" : [
    {
      "jobname" : "file",
      "groupid" : 0,
      "error" : 0,
      "eta" : 0,
      "elapsed" : 31,
      "job options" : {
        "rw" : "rw",
        "size" : "80%",
        "rwmixread" : "0",
        "bs" : "16k",
        "ioengine" : "libaio",
        "iodepth" : "16",
        "direct" : "1",
        "runtime" : "30",
        "numjobs" : "1",
        "filename" : "/dev/sda"
      },
      "read" : {
        "io_bytes" : 0,
        "io_kbytes" : 0,
        "bw_bytes" : 0,
        "bw" : 0,
        "iops" : 0.000000,
        "runtime" : 0,
        "total_ios" : 0,
        "short_ios" : 0,
        "drop_ios" : 0,
        "slat_ns" : {
          "min" : 0,
          "max" : 0,
          "mean" : 0.000000,
          "stddev" : 0.000000,
          "N" : 0
        },
        "clat_ns" : {
          "min" : 0,
          "max" : 0,
          "mean" : 0.000000,
          "stddev" : 0.000000,
          "N" : 0
        },
        "lat_ns" : {
          "min" : 0,
          "max" : 0,
          "mean" : 0.000000,
          "stddev" : 0.000000,
          "N" : 0
        },
        "bw_min" : 0,
        "bw_max" : 0,
        "bw_agg" : 0.000000,
        "bw_mean" : 0.000000,
        "bw_dev" : 0.000000,
        "bw_samples" : 0,
        "iops_min" : 0,
        "iops_max" : 0,
        "iops_mean" : 0.000000,
        "iops_stddev" : 0.000000,
        "iops_samples" : 0
      },
      "write" : {
        "io_bytes" : 2795618304,
        "io_kbytes" : 2730096,
        "bw_bytes" : 92754422,
        "bw" : 90580,
        "iops" : 5661.280690,
        "runtime" : 30140,
        "total_ios" : 170631,
        "short_ios" : 0,
        "drop_ios" : 0,
        "slat_ns" : {
          "min" : 6947,
          "max" : 38414129,
          "mean" : 19569.391986,
          "stddev" : 102479.580988,
          "N" : 170631
        },
        "clat_ns" : {
          "min" : 820,
          "max" : 1403792400,
          "mean" : 2805410.142125,
          "stddev" : 22828187.467999,
          "N" : 170631,
          "percentile" : {
            "1.000000" : 13248,
            "5.000000" : 41216,
            "10.000000" : 58624,
            "20.000000" : 168960,
            "30.000000" : 246784,
            "40.000000" : 272384,
            "50.000000" : 313344,
            "60.000000" : 346112,
            "70.000000" : 366592,
            "80.000000" : 382976,
            "90.000000" : 440320,
            "95.000000" : 18743296,
            "99.000000" : 44826624,
            "99.500000" : 61603840,
            "99.900000" : 248512512,
            "99.950000" : 337641472,
            "99.990000" : 859832320
          }
        },
        "lat_ns" : {
          "min" : 32208,
          "max" : 1403803726,
          "mean" : 2824979.534112,
          "stddev" : 22827566.062483,
          "N" : 170631
        },
        "bw_min" : 5152,
        "bw_max" : 186560,
        "bw_agg" : 100.000000,
        "bw_mean" : 97365.750000,
        "bw_dev" : 52885.390593,
        "bw_samples" : 56,
        "iops_min" : 322,
        "iops_max" : 11660,
        "iops_mean" : 6085.196429,
        "iops_stddev" : 3305.299301,
        "iops_samples" : 56
      },
      "trim" : {
        "io_bytes" : 0,
        "io_kbytes" : 0,
        "bw_bytes" : 0,
        "bw" : 0,
        "iops" : 0.000000,
        "runtime" : 0,
        "total_ios" : 0,
        "short_ios" : 0,
        "drop_ios" : 0,
        "slat_ns" : {
          "min" : 0,
          "max" : 0,
          "mean" : 0.000000,
          "stddev" : 0.000000,
          "N" : 0
        },
        "clat_ns" : {
          "min" : 0,
          "max" : 0,
          "mean" : 0.000000,
          "stddev" : 0.000000,
          "N" : 0
        },
        "lat_ns" : {
          "min" : 0,
          "max" : 0,
          "mean" : 0.000000,
          "stddev" : 0.000000,
          "N" : 0
        },
        "bw_min" : 0,
        "bw_max" : 0,
        "bw_agg" : 0.000000,
        "bw_mean" : 0.000000,
        "bw_dev" : 0.000000,
        "bw_samples" : 0,
        "iops_min" : 0,
        "iops_max" : 0,
        "iops_mean" : 0.000000,
        "iops_stddev" : 0.000000,
        "iops_samples" : 0
      },
      "sync" : {
        "total_ios" : 0,
        "lat_ns" : {
          "min" : 0,
          "max" : 0,
          "mean" : 0.000000,
          "stddev" : 0.000000,
          "N" : 0
        }
      },
      "job_runtime" : 30139,
      "usr_cpu" : 0.464514,
      "sys_cpu" : 12.253227,
      "ctx" : 16906,
      "majf" : 0,
      "minf" : 1,
      "iodepth_level" : {
        "1" : 0.100000,
        "2" : 0.100000,
        "4" : 0.100000,
        "8" : 0.100000,
        "16" : 99.991209,
        "32" : 0.000000,
        ">=64" : 0.000000
      },
      "iodepth_submit" : {
        "0" : 0.000000,
        "4" : 100.000000,
        "8" : 0.000000,
        "16" : 0.000000,
        "32" : 0.000000,
        "64" : 0.000000,
        ">=64" : 0.000000
      },
      "iodepth_complete" : {
        "0" : 0.000000,
        "4" : 99.999414,
        "8" : 0.000000,
        "16" : 0.100000,
        "32" : 0.000000,
        "64" : 0.000000,
        ">=64" : 0.000000
      },
      "latency_ns" : {
        "2" : 0.000000,
        "4" : 0.000000,
        "10" : 0.000000,
        "20" : 0.000000,
        "50" : 0.000000,
        "100" : 0.000000,
        "250" : 0.000000,
        "500" : 0.000000,
        "750" : 0.000000,
        "1000" : 0.010000
      },
      "latency_us" : {
        "2" : 0.010000,
        "4" : 0.010000,
        "10" : 0.053918,
        "20" : 1.070146,
        "50" : 6.673465,
        "100" : 7.091326,
        "250" : 15.966618,
        "500" : 61.300115,
        "750" : 1.888871,
        "1000" : 0.113696
      },
      "latency_ms" : {
        "2" : 0.075602,
        "4" : 0.034578,
        "10" : 0.000000,
        "20" : 0.923044,
        "50" : 4.046744,
        "100" : 0.453024,
        "250" : 0.209809,
        "500" : 0.053331,
        "750" : 0.018168,
        "1000" : 0.010000,
        "2000" : 0.010000,
        ">=2000" : 0.000000
      },
      "latency_depth" : 16,
      "latency_target" : 0,
      "latency_percentile" : 100.000000,
      "latency_window" : 0
    }
  ],
  "disk_util" : [
    {
      "name" : "sda",
      "read_ios" : 25,
      "write_ios" : 170615,
      "read_merges" : 0,
      "write_merges" : 0,
      "read_ticks" : 10,
      "write_ticks" : 444341,
      "in_queue" : 444352,
      "util" : 99.457589
    }
  ]
}
