{
  "fio version" : "fio-3.33",
  "timestamp" : 1727438756,
  "timestamp_ms" : 1727438756846,
  "time" : "Fri Sep 27 19:05:56 2024",
  "jobs" : [
    {
      "jobname" : "file",
      "groupid" : 0,
      "error" : 0,
      "eta" : 0,
      "elapsed" : 34,
      "job options" : {
        "rw" : "rw",
        "size" : "80%",
        "rwmixread" : "0",
        "bs" : "256k",
        "ioengine" : "libaio",
        "iodepth" : "16",
        "direct" : "1",
        "runtime" : "30",
        "numjobs" : "1",
        "filename" : "/dev/sda"
      },
      "read" : {
        "io_bytes" : 0,
        "io_kbytes" : 0,
        "bw_bytes" : 0,
        "bw" : 0,
        "iops" : 0.000000,
        "runtime" : 0,
        "total_ios" : 0,
        "short_ios" : 0,
        "drop_ios" : 0,
        "slat_ns" : {
          "min" : 0,
          "max" : 0,
          "mean" : 0.000000,
          "stddev" : 0.000000,
          "N" : 0
        },
        "clat_ns" : {
          "min" : 0,
          "max" : 0,
          "mean" : 0.000000,
          "stddev" : 0.000000,
          "N" : 0
        },
        "lat_ns" : {
          "min" : 0,
          "max" : 0,
          "mean" : 0.000000,
          "stddev" : 0.000000,
          "N" : 0
        },
        "bw_min" : 0,
        "bw_max" : 0,
        "bw_agg" : 0.000000,
        "bw_mean" : 0.000000,
        "bw_dev" : 0.000000,
        "bw_samples" : 0,
        "iops_min" : 0,
        "iops_max" : 0,
        "iops_mean" : 0.000000,
        "iops_stddev" : 0.000000,
        "iops_samples" : 0
      },
      "write" : {
        "io_bytes" : 1920991232,
        "io_kbytes" : 1875968,
        "bw_bytes" : 57801986,
        "bw" : 56447,
        "iops" : 220.497081,
        "runtime" : 33234,
        "total_ios" : 7328,
        "short_ios" : 0,
        "drop_ios" : 0,
        "slat_ns" : {
          "min" : 3728,
          "max" : 1987173,
          "mean" : 25569.731714,
          "stddev" : 29252.450568,
          "N" : 7328
        },
        "clat_ns" : {
          "min" : 22122,
          "max" : 6385652604,
          "mean" : 71629259.017877,
          "stddev" : 327915465.650475,
          "N" : 7328,
          "percentile" : {
            "1.000000" : 60160,
            "5.000000" : 71168,
            "10.000000" : 76288,
            "20.000000" : 94720,
            "30.000000" : 127488,
            "40.000000" : 16908288,
            "50.000000" : 20578304,
            "60.000000" : 28704768,
            "70.000000" : 36438016,
            "80.000000" : 45875200,
            "90.000000" : 71827456,
            "95.000000" : 149946368,
            "99.000000" : 1300234240,
            "99.500000" : 2533359616,
            "99.900000" : 4596957184,
            "99.950000" : 6207569920,
            "99.990000" : 6408896512
          }
        },
        "lat_ns" : {
          "min" : 69024,
          "max" : 6385667628,
          "mean" : 71654828.749591,
          "stddev" : 327916828.083845,
          "N" : 7328
        },
        "bw_min" : 510,
        "bw_max" : 278016,
        "bw_agg" : 100.000000,
        "bw_mean" : 67973.181818,
        "bw_dev" : 75690.329717,
        "bw_samples" : 55,
        "iops_min" : 1,
        "iops_max" : 1086,
        "iops_mean" : 265.218182,
        "iops_stddev" : 295.735410,
        "iops_samples" : 55
      },
      "trim" : {
        "io_bytes" : 0,
        "io_kbytes" : 0,
        "bw_bytes" : 0,
        "bw" : 0,
        "iops" : 0.000000,
        "runtime" : 0,
        "total_ios" : 0,
        "short_ios" : 0,
        "drop_ios" : 0,
        "slat_ns" : {
          "min" : 0,
          "max" : 0,
          "mean" : 0.000000,
          "stddev" : 0.000000,
          "N" : 0
        },
        "clat_ns" : {
          "min" : 0,
          "max" : 0,
          "mean" : 0.000000,
          "stddev" : 0.000000,
          "N" : 0
        },
        "lat_ns" : {
          "min" : 0,
          "max" : 0,
          "mean" : 0.000000,
          "stddev" : 0.000000,
          "N" : 0
        },
        "bw_min" : 0,
        "bw_max" : 0,
        "bw_agg" : 0.000000,
        "bw_mean" : 0.000000,
        "bw_dev" : 0.000000,
        "bw_samples" : 0,
        "iops_min" : 0,
        "iops_max" : 0,
        "iops_mean" : 0.000000,
        "iops_stddev" : 0.000000,
        "iops_samples" : 0
      },
      "sync" : {
        "total_ios" : 0,
        "lat_ns" : {
          "min" : 0,
          "max" : 0,
          "mean" : 0.000000,
          "stddev" : 0.000000,
          "N" : 0
        }
      },
      "job_runtime" : 33233,
      "usr_cpu" : 0.033100,
      "sys_cpu" : 0.785364,
      "ctx" : 6236,
      "majf" : 0,
      "minf" : 1,
      "iodepth_level" : {
        "1" : 0.100000,
        "2" : 0.100000,
        "4" : 0.100000,
        "8" : 0.109170,
        "16" : 99.795306,
        "32" : 0.000000,
        ">=64" : 0.000000
      },
      "iodepth_submit" : {
        "0" : 0.000000,
        "4" : 100.000000,
        "8" : 0.000000,
        "16" : 0.000000,
        "32" : 0.000000,
        "64" : 0.000000,
        ">=64" : 0.000000
      },
      "iodepth_complete" : {
        "0" : 0.000000,
        "4" : 99.986328,
        "8" : 0.000000,
        "16" : 0.100000,
        "32" : 0.000000,
        "64" : 0.000000,
        ">=64" : 0.000000
      },
      "latency_ns" : {
        "2" : 0.000000,
        "4" : 0.000000,
        "10" : 0.000000,
        "20" : 0.000000,
        "50" : 0.000000,
        "100" : 0.000000,
        "250" : 0.000000,
        "500" : 0.000000,
        "750" : 0.000000,
        "1000" : 0.000000
      },
      "latency_us" : {
        "2" : 0.000000,
        "4" : 0.000000,
        "10" : 0.000000,
        "20" : 0.000000,
        "50" : 0.218341,
        "100" : 21.411026,
        "250" : 16.061681,
        "500" : 0.368450,
        "750" : 0.272926,
        "1000" : 0.136463
      },
      "latency_ms" : {
        "2" : 0.436681,
        "4" : 0.040939,
        "10" : 0.027293,
        "20" : 9.661572,
        "50" : 34.593341,
        "100" : 10.193777,
        "250" : 2.797489,
        "500" : 0.982533,
        "750" : 0.532205,
        "1000" : 0.573144,
        "2000" : 1.064410,
        ">=2000" : 0.627729
      },
      "latency_depth" : 16,
      "latency_target" : 0,
      "latency_percentile" : 100.000000,
      "latency_window" : 0
    }
  ],
  "disk_util" : [
    {
      "name" : "sda",
      "read_ios" : 51,
      "write_ios" : 7279,
      "read_merges" : 0,
      "write_merges" : 48,
      "read_ticks" : 1272,
      "write_ticks" : 485792,
      "in_queue" : 487063,
      "util" : 100.000000
    }
  ]
}
