{
  "fio version" : "fio-3.33",
  "timestamp" : 1727438658,
  "timestamp_ms" : 1727438658861,
  "time" : "Fri Sep 27 19:04:18 2024",
  "jobs" : [
    {
      "jobname" : "file",
      "groupid" : 0,
      "error" : 0,
      "eta" : 0,
      "elapsed" : 31,
      "job options" : {
        "rw" : "rw",
        "size" : "80%",
        "rwmixread" : "0",
        "bs" : "32k",
        "ioengine" : "libaio",
        "iodepth" : "16",
        "direct" : "1",
        "runtime" : "30",
        "numjobs" : "1",
        "filename" : "/dev/sda"
      },
      "read" : {
        "io_bytes" : 0,
        "io_kbytes" : 0,
        "bw_bytes" : 0,
        "bw" : 0,
        "iops" : 0.000000,
        "runtime" : 0,
        "total_ios" : 0,
        "short_ios" : 0,
        "drop_ios" : 0,
        "slat_ns" : {
          "min" : 0,
          "max" : 0,
          "mean" : 0.000000,
          "stddev" : 0.000000,
          "N" : 0
        },
        "clat_ns" : {
          "min" : 0,
          "max" : 0,
          "mean" : 0.000000,
          "stddev" : 0.000000,
          "N" : 0
        },
        "lat_ns" : {
          "min" : 0,
          "max" : 0,
          "mean" : 0.000000,
          "stddev" : 0.000000,
          "N" : 0
        },
        "bw_min" : 0,
        "bw_max" : 0,
        "bw_agg" : 0.000000,
        "bw_mean" : 0.000000,
        "bw_dev" : 0.000000,
        "bw_samples" : 0,
        "iops_min" : 0,
        "iops_max" : 0,
        "iops_mean" : 0.000000,
        "iops_stddev" : 0.000000,
        "iops_samples" : 0
      },
      "write" : {
        "io_bytes" : 2730295296,
        "io_kbytes" : 2666304,
        "bw_bytes" : 90593114,
        "bw" : 88469,
        "iops" : 2764.682461,
        "runtime" : 30138,
        "total_ios" : 83322,
        "short_ios" : 0,
        "drop_ios" : 0,
        "slat_ns" : {
          "min" : 7468,
          "max" : 1850844,
          "mean" : 20306.623161,
          "stddev" : 22613.615120,
          "N" : 83322
        },
        "clat_ns" : {
          "min" : 1209,
          "max" : 2097245460,
          "mean" : 5765040.017306,
          "stddev" : 52148571.861576,
          "N" : 83322,
          "percentile" : {
            "1.000000" : 33024,
            "5.000000" : 43264,
            "10.000000" : 53504,
            "20.000000" : 79360,
            "30.000000" : 121344,
            "40.000000" : 195584,
            "50.000000" : 272384,
            "60.000000" : 325632,
            "70.000000" : 366592,
            "80.000000" : 423936,
            "90.000000" : 15794176,
            "95.000000" : 24772608,
            "99.000000" : 42205184,
            "99.500000" : 62652416,
            "99.900000" : 843055104,
            "99.950000" : 1518338048,
            "99.990000" : 1551892480
          }
        },
        "lat_ns" : {
          "min" : 33247,
          "max" : 2097256306,
          "mean" : 5785346.640467,
          "stddev" : 52148414.630727,
          "N" : 83322
        },
        "bw_min" : 510,
        "bw_max" : 222208,
        "bw_agg" : 100.000000,
        "bw_mean" : 93405.368421,
        "bw_dev" : 83396.738993,
        "bw_samples" : 57,
        "iops_min" : 15,
        "iops_max" : 6944,
        "iops_mean" : 2918.596491,
        "iops_stddev" : 2606.243067,
        "iops_samples" : 57
      },
      "trim" : {
        "io_bytes" : 0,
        "io_kbytes" : 0,
        "bw_bytes" : 0,
        "bw" : 0,
        "iops" : 0.000000,
        "runtime" : 0,
        "total_ios" : 0,
        "short_ios" : 0,
        "drop_ios" : 0,
        "slat_ns" : {
          "min" : 0,
          "max" : 0,
          "mean" : 0.000000,
          "stddev" : 0.000000,
          "N" : 0
        },
        "clat_ns" : {
          "min" : 0,
          "max" : 0,
          "mean" : 0.000000,
          "stddev" : 0.000000,
          "N" : 0
        },
        "lat_ns" : {
          "min" : 0,
          "max" : 0,
          "mean" : 0.000000,
          "stddev" : 0.000000,
          "N" : 0
        },
        "bw_min" : 0,
        "bw_max" : 0,
        "bw_agg" : 0.000000,
        "bw_mean" : 0.000000,
        "bw_dev" : 0.000000,
        "bw_samples" : 0,
        "iops_min" : 0,
        "iops_max" : 0,
        "iops_mean" : 0.000000,
        "iops_stddev" : 0.000000,
        "iops_samples" : 0
      },
      "sync" : {
        "total_ios" : 0,
        "lat_ns" : {
          "min" : 0,
          "max" : 0,
          "mean" : 0.000000,
          "stddev" : 0.000000,
          "N" : 0
        }
      },
      "job_runtime" : 30137,
      "usr_cpu" : 0.212364,
      "sys_cpu" : 6.550088,
      "ctx" : 16996,
      "majf" : 0,
      "minf" : 1,
      "iodepth_level" : {
        "1" : 0.100000,
        "2" : 0.100000,
        "4" : 0.100000,
        "8" : 0.100000,
        "16" : 99.981998,
        "32" : 0.000000,
        ">=64" : 0.000000
      },
      "iodepth_submit" : {
        "0" : 0.000000,
        "4" : 100.000000,
        "8" : 0.000000,
        "16" : 0.000000,
        "32" : 0.000000,
        "64" : 0.000000,
        ">=64" : 0.000000
      },
      "iodepth_complete" : {
        "0" : 0.000000,
        "4" : 99.998800,
        "8" : 0.000000,
        "16" : 0.100000,
        "32" : 0.000000,
        "64" : 0.000000,
        ">=64" : 0.000000
      },
      "latency_ns" : {
        "2" : 0.000000,
        "4" : 0.000000,
        "10" : 0.000000,
        "20" : 0.000000,
        "50" : 0.000000,
        "100" : 0.000000,
        "250" : 0.000000,
        "500" : 0.000000,
        "750" : 0.000000,
        "1000" : 0.000000
      },
      "latency_us" : {
        "2" : 0.010000,
        "4" : 0.000000,
        "10" : 0.000000,
        "20" : 0.218430,
        "50" : 7.048559,
        "100" : 18.366098,
        "250" : 21.306498,
        "500" : 38.629654,
        "750" : 2.486738,
        "1000" : 0.124817
      },
      "latency_ms" : {
        "2" : 0.010000,
        "4" : 0.018002,
        "10" : 0.081611,
        "20" : 4.660234,
        "50" : 6.366866,
        "100" : 0.272437,
        "250" : 0.055208,
        "500" : 0.132018,
        "750" : 0.091212,
        "1000" : 0.054007,
        "2000" : 0.076810,
        ">=2000" : 0.010000
      },
      "latency_depth" : 16,
      "latency_target" : 0,
      "latency_percentile" : 100.000000,
      "latency_window" : 0
    }
  ],
  "disk_util" : [
    {
      "name" : "sda",
      "read_ios" : 48,
      "write_ios" : 83114,
      "read_merges" : 0,
      "write_merges" : 0,
      "read_ticks" : 11,
      "write_ticks" : 465702,
      "in_queue" : 465714,
      "util" : 99.796646
    }
  ]
}
