{
  "fio version" : "fio-3.33",
  "timestamp" : 1727438566,
  "timestamp_ms" : 1727438566630,
  "time" : "Fri Sep 27 19:02:46 2024",
  "jobs" : [
    {
      "jobname" : "file",
      "groupid" : 0,
      "error" : 0,
      "eta" : 0,
      "elapsed" : 31,
      "job options" : {
        "rw" : "rw",
        "size" : "80%",
        "rwmixread" : "0",
        "bs" : "4k",
        "ioengine" : "libaio",
        "iodepth" : "16",
        "direct" : "1",
        "runtime" : "30",
        "numjobs" : "1",
        "filename" : "/dev/sda"
      },
      "read" : {
        "io_bytes" : 0,
        "io_kbytes" : 0,
        "bw_bytes" : 0,
        "bw" : 0,
        "iops" : 0.000000,
        "runtime" : 0,
        "total_ios" : 0,
        "short_ios" : 0,
        "drop_ios" : 0,
        "slat_ns" : {
          "min" : 0,
          "max" : 0,
          "mean" : 0.000000,
          "stddev" : 0.000000,
          "N" : 0
        },
        "clat_ns" : {
          "min" : 0,
          "max" : 0,
          "mean" : 0.000000,
          "stddev" : 0.000000,
          "N" : 0
        },
        "lat_ns" : {
          "min" : 0,
          "max" : 0,
          "mean" : 0.000000,
          "stddev" : 0.000000,
          "N" : 0
        },
        "bw_min" : 0,
        "bw_max" : 0,
        "bw_agg" : 0.000000,
        "bw_mean" : 0.000000,
        "bw_dev" : 0.000000,
        "bw_samples" : 0,
        "iops_min" : 0,
        "iops_max" : 0,
        "iops_mean" : 0.000000,
        "iops_stddev" : 0.000000,
        "iops_samples" : 0
      },
      "write" : {
        "io_bytes" : 328224768,
        "io_kbytes" : 320532,
        "bw_bytes" : 10762173,
        "bw" : 10509,
        "iops" : 2627.483769,
        "runtime" : 30498,
        "total_ios" : 80133,
        "short_ios" : 0,
        "drop_ios" : 0,
        "slat_ns" : {
          "min" : 6528,
          "max" : 6536729,
          "mean" : 18034.557922,
          "stddev" : 28669.347423,
          "N" : 80133
        },
        "clat_ns" : {
          "min" : 790,
          "max" : 1167657353,
          "mean" : 6066426.428226,
          "stddev" : 55298037.166785,
          "N" : 80133,
          "percentile" : {
            "1.000000" : 9536,
            "5.000000" : 28032,
            "10.000000" : 38656,
            "20.000000" : 49920,
            "30.000000" : 71168,
            "40.000000" : 100864,
            "50.000000" : 154624,
            "60.000000" : 236544,
            "70.000000" : 284672,
            "80.000000" : 346112,
            "90.000000" : 378880,
            "95.000000" : 415744,
            "99.000000" : 304087040,
            "99.500000" : 501219328,
            "99.900000" : 675282944,
            "99.950000" : 717225984,
            "99.990000" : 1166016512
          }
        },
        "lat_ns" : {
          "min" : 30719,
          "max" : 1167664761,
          "mean" : 6084460.986148,
          "stddev" : 55297141.425871,
          "N" : 80133
        },
        "bw_min" : 400,
        "bw_max" : 30288,
        "bw_agg" : 100.000000,
        "bw_mean" : 12307.307692,
        "bw_dev" : 5207.156804,
        "bw_samples" : 52,
        "iops_min" : 100,
        "iops_max" : 7572,
        "iops_mean" : 3076.596154,
        "iops_stddev" : 1301.822889,
        "iops_samples" : 52
      },
      "trim" : {
        "io_bytes" : 0,
        "io_kbytes" : 0,
        "bw_bytes" : 0,
        "bw" : 0,
        "iops" : 0.000000,
        "runtime" : 0,
        "total_ios" : 0,
        "short_ios" : 0,
        "drop_ios" : 0,
        "slat_ns" : {
          "min" : 0,
          "max" : 0,
          "mean" : 0.000000,
          "stddev" : 0.000000,
          "N" : 0
        },
        "clat_ns" : {
          "min" : 0,
          "max" : 0,
          "mean" : 0.000000,
          "stddev" : 0.000000,
          "N" : 0
        },
        "lat_ns" : {
          "min" : 0,
          "max" : 0,
          "mean" : 0.000000,
          "stddev" : 0.000000,
          "N" : 0
        },
        "bw_min" : 0,
        "bw_max" : 0,
        "bw_agg" : 0.000000,
        "bw_mean" : 0.000000,
        "bw_dev" : 0.000000,
        "bw_samples" : 0,
        "iops_min" : 0,
        "iops_max" : 0,
        "iops_mean" : 0.000000,
        "iops_stddev" : 0.000000,
        "iops_samples" : 0
      },
      "sync" : {
        "total_ios" : 0,
        "lat_ns" : {
          "min" : 0,
          "max" : 0,
          "mean" : 0.000000,
          "stddev" : 0.000000,
          "N" : 0
        }
      },
      "job_runtime" : 30497,
      "usr_cpu" : 0.193462,
      "sys_cpu" : 5.148047,
      "ctx" : 12113,
      "majf" : 0,
      "minf" : 1,
      "iodepth_level" : {
        "1" : 0.100000,
        "2" : 0.100000,
        "4" : 0.100000,
        "8" : 0.100000,
        "16" : 99.981281,
        "32" : 0.000000,
        ">=64" : 0.000000
      },
      "iodepth_submit" : {
        "0" : 0.000000,
        "4" : 100.000000,
        "8" : 0.000000,
        "16" : 0.000000,
        "32" : 0.000000,
        "64" : 0.000000,
        ">=64" : 0.000000
      },
      "iodepth_complete" : {
        "0" : 0.000000,
        "4" : 99.998752,
        "8" : 0.000000,
        "16" : 0.100000,
        "32" : 0.000000,
        "64" : 0.000000,
        ">=64" : 0.000000
      },
      "latency_ns" : {
        "2" : 0.000000,
        "4" : 0.000000,
        "10" : 0.000000,
        "20" : 0.000000,
        "50" : 0.000000,
        "100" : 0.000000,
        "250" : 0.000000,
        "500" : 0.000000,
        "750" : 0.000000,
        "1000" : 0.010000
      },
      "latency_us" : {
        "2" : 0.010000,
        "4" : 0.010000,
        "10" : 3.500431,
        "20" : 1.025795,
        "50" : 15.390663,
        "100" : 19.894426,
        "250" : 23.806671,
        "500" : 33.300887,
        "750" : 1.557411,
        "1000" : 0.124793
      },
      "latency_ms" : {
        "2" : 0.042429,
        "4" : 0.036190,
        "10" : 0.016223,
        "20" : 0.000000,
        "50" : 0.010000,
        "100" : 0.017471,
        "250" : 0.154743,
        "500" : 0.612731,
        "750" : 0.485443,
        "1000" : 0.010000,
        "2000" : 0.019967,
        ">=2000" : 0.000000
      },
      "latency_depth" : 16,
      "latency_target" : 0,
      "latency_percentile" : 100.000000,
      "latency_window" : 0
    }
  ],
  "disk_util" : [
    {
      "name" : "sda",
      "read_ios" : 35,
      "write_ios" : 80120,
      "read_merges" : 0,
      "write_merges" : 0,
      "read_ticks" : 10,
      "write_ticks" : 468350,
      "in_queue" : 468361,
      "util" : 99.747384
    }
  ]
}
