{
  "fio version" : "fio-3.33",
  "timestamp" : 1727438787,
  "timestamp_ms" : 1727438787739,
  "time" : "Fri Sep 27 19:06:27 2024",
  "jobs" : [
    {
      "jobname" : "file",
      "groupid" : 0,
      "error" : 0,
      "eta" : 0,
      "elapsed" : 31,
      "job options" : {
        "rw" : "rw",
        "size" : "80%",
        "rwmixread" : "0",
        "bs" : "512k",
        "ioengine" : "libaio",
        "iodepth" : "16",
        "direct" : "1",
        "runtime" : "30",
        "numjobs" : "1",
        "filename" : "/dev/sda"
      },
      "read" : {
        "io_bytes" : 0,
        "io_kbytes" : 0,
        "bw_bytes" : 0,
        "bw" : 0,
        "iops" : 0.000000,
        "runtime" : 0,
        "total_ios" : 0,
        "short_ios" : 0,
        "drop_ios" : 0,
        "slat_ns" : {
          "min" : 0,
          "max" : 0,
          "mean" : 0.000000,
          "stddev" : 0.000000,
          "N" : 0
        },
        "clat_ns" : {
          "min" : 0,
          "max" : 0,
          "mean" : 0.000000,
          "stddev" : 0.000000,
          "N" : 0
        },
        "lat_ns" : {
          "min" : 0,
          "max" : 0,
          "mean" : 0.000000,
          "stddev" : 0.000000,
          "N" : 0
        },
        "bw_min" : 0,
        "bw_max" : 0,
        "bw_agg" : 0.000000,
        "bw_mean" : 0.000000,
        "bw_dev" : 0.000000,
        "bw_samples" : 0,
        "iops_min" : 0,
        "iops_max" : 0,
        "iops_mean" : 0.000000,
        "iops_stddev" : 0.000000,
        "iops_samples" : 0
      },
      "write" : {
        "io_bytes" : 2472017920,
        "io_kbytes" : 2414080,
        "bw_bytes" : 81132230,
        "bw" : 79230,
        "iops" : 154.747448,
        "runtime" : 30469,
        "total_ios" : 4715,
        "short_ios" : 0,
        "drop_ios" : 0,
        "slat_ns" : {
          "min" : 6757,
          "max" : 613917,
          "mean" : 37225.264475,
          "stddev" : 39009.272114,
          "N" : 4715
        },
        "clat_ns" : {
          "min" : 906549,
          "max" : 4883649407,
          "mean" : 102778793.183033,
          "stddev" : 358762097.525582,
          "N" : 4715,
          "percentile" : {
            "1.000000" : 11599872,
            "5.000000" : 14745600,
            "10.000000" : 16908288,
            "20.000000" : 22937600,
            "30.000000" : 26869760,
            "40.000000" : 30277632,
            "50.000000" : 34865152,
            "60.000000" : 39583744,
            "70.000000" : 45875200,
            "80.000000" : 57409536,
            "90.000000" : 109576192,
            "95.000000" : 233832448,
            "99.000000" : 1971322880,
            "99.500000" : 2868903936,
            "99.900000" : 4462739456,
            "99.950000" : 4596957184,
            "99.990000" : 4865392640
          }
        },
        "lat_ns" : {
          "min" : 995636,
          "max" : 4883691642,
          "mean" : 102816018.447508,
          "stddev" : 358768082.077394,
          "N" : 4715
        },
        "bw_min" : 1017,
        "bw_max" : 300455,
        "bw_agg" : 100.000000,
        "bw_mean" : 98079.387755,
        "bw_dev" : 102073.177356,
        "bw_samples" : 49,
        "iops_min" : 1,
        "iops_max" : 586,
        "iops_mean" : 191.183673,
        "iops_stddev" : 199.435732,
        "iops_samples" : 49
      },
      "trim" : {
        "io_bytes" : 0,
        "io_kbytes" : 0,
        "bw_bytes" : 0,
        "bw" : 0,
        "iops" : 0.000000,
        "runtime" : 0,
        "total_ios" : 0,
        "short_ios" : 0,
        "drop_ios" : 0,
        "slat_ns" : {
          "min" : 0,
          "max" : 0,
          "mean" : 0.000000,
          "stddev" : 0.000000,
          "N" : 0
        },
        "clat_ns" : {
          "min" : 0,
          "max" : 0,
          "mean" : 0.000000,
          "stddev" : 0.000000,
          "N" : 0
        },
        "lat_ns" : {
          "min" : 0,
          "max" : 0,
          "mean" : 0.000000,
          "stddev" : 0.000000,
          "N" : 0
        },
        "bw_min" : 0,
        "bw_max" : 0,
        "bw_agg" : 0.000000,
        "bw_mean" : 0.000000,
        "bw_dev" : 0.000000,
        "bw_samples" : 0,
        "iops_min" : 0,
        "iops_max" : 0,
        "iops_mean" : 0.000000,
        "iops_stddev" : 0.000000,
        "iops_samples" : 0
      },
      "sync" : {
        "total_ios" : 0,
        "lat_ns" : {
          "min" : 0,
          "max" : 0,
          "mean" : 0.000000,
          "stddev" : 0.000000,
          "N" : 0
        }
      },
      "job_runtime" : 30468,
      "usr_cpu" : 0.134567,
      "sys_cpu" : 0.600630,
      "ctx" : 3151,
      "majf" : 0,
      "minf" : 1,
      "iodepth_level" : {
        "1" : 0.100000,
        "2" : 0.100000,
        "4" : 0.100000,
        "8" : 0.169671,
        "16" : 99.681866,
        "32" : 0.000000,
        ">=64" : 0.000000
      },
      "iodepth_submit" : {
        "0" : 0.000000,
        "4" : 100.000000,
        "8" : 0.000000,
        "16" : 0.000000,
        "32" : 0.000000,
        "64" : 0.000000,
        ">=64" : 0.000000
      },
      "iodepth_complete" : {
        "0" : 0.000000,
        "4" : 99.978728,
        "8" : 0.000000,
        "16" : 0.100000,
        "32" : 0.000000,
        "64" : 0.000000,
        ">=64" : 0.000000
      },
      "latency_ns" : {
        "2" : 0.000000,
        "4" : 0.000000,
        "10" : 0.000000,
        "20" : 0.000000,
        "50" : 0.000000,
        "100" : 0.000000,
        "250" : 0.000000,
        "500" : 0.000000,
        "750" : 0.000000,
        "1000" : 0.000000
      },
      "latency_us" : {
        "2" : 0.000000,
        "4" : 0.000000,
        "10" : 0.000000,
        "20" : 0.000000,
        "50" : 0.000000,
        "100" : 0.000000,
        "250" : 0.000000,
        "500" : 0.000000,
        "750" : 0.000000,
        "1000" : 0.021209
      },
      "latency_ms" : {
        "2" : 0.021209,
        "4" : 0.212089,
        "10" : 0.212089,
        "20" : 15.291622,
        "50" : 59.045599,
        "100" : 14.422057,
        "250" : 6.086957,
        "500" : 1.505832,
        "750" : 0.424178,
        "1000" : 0.275716,
        "2000" : 1.590668,
        ">=2000" : 0.890774
      },
      "latency_depth" : 16,
      "latency_target" : 0,
      "latency_percentile" : 100.000000,
      "latency_window" : 0
    }
  ],
  "disk_util" : [
    {
      "name" : "sda",
      "read_ios" : 50,
      "write_ios" : 4667,
      "read_merges" : 0,
      "write_merges" : 32,
      "read_ticks" : 10908,
      "write_ticks" : 445819,
      "in_queue" : 456727,
      "util" : 100.000000
    }
  ]
}
