{
  "fio version" : "fio-3.33",
  "timestamp" : 1727438689,
  "timestamp_ms" : 1727438689225,
  "time" : "Fri Sep 27 19:04:49 2024",
  "jobs" : [
    {
      "jobname" : "file",
      "groupid" : 0,
      "error" : 0,
      "eta" : 0,
      "elapsed" : 31,
      "job options" : {
        "rw" : "rw",
        "size" : "80%",
        "rwmixread" : "0",
        "bs" : "64k",
        "ioengine" : "libaio",
        "iodepth" : "16",
        "direct" : "1",
        "runtime" : "30",
        "numjobs" : "1",
        "filename" : "/dev/sda"
      },
      "read" : {
        "io_bytes" : 0,
        "io_kbytes" : 0,
        "bw_bytes" : 0,
        "bw" : 0,
        "iops" : 0.000000,
        "runtime" : 0,
        "total_ios" : 0,
        "short_ios" : 0,
        "drop_ios" : 0,
        "slat_ns" : {
          "min" : 0,
          "max" : 0,
          "mean" : 0.000000,
          "stddev" : 0.000000,
          "N" : 0
        },
        "clat_ns" : {
          "min" : 0,
          "max" : 0,
          "mean" : 0.000000,
          "stddev" : 0.000000,
          "N" : 0
        },
        "lat_ns" : {
          "min" : 0,
          "max" : 0,
          "mean" : 0.000000,
          "stddev" : 0.000000,
          "N" : 0
        },
        "bw_min" : 0,
        "bw_max" : 0,
        "bw_agg" : 0.000000,
        "bw_mean" : 0.000000,
        "bw_dev" : 0.000000,
        "bw_samples" : 0,
        "iops_min" : 0,
        "iops_max" : 0,
        "iops_mean" : 0.000000,
        "iops_stddev" : 0.000000,
        "iops_samples" : 0
      },
      "write" : {
        "io_bytes" : 4083220480,
        "io_kbytes" : 3987520,
        "bw_bytes" : 136102812,
        "bw" : 132912,
        "iops" : 2076.764108,
        "runtime" : 30001,
        "total_ios" : 62305,
        "short_ios" : 0,
        "drop_ios" : 0,
        "slat_ns" : {
          "min" : 8187,
          "max" : 691184,
          "mean" : 23072.874906,
          "stddev" : 25198.172978,
          "N" : 62305
        },
        "clat_ns" : {
          "min" : 1969,
          "max" : 1398336387,
          "mean" : 7680356.269288,
          "stddev" : 39530258.020379,
          "N" : 62305,
          "percentile" : {
            "1.000000" : 41216,
            "5.000000" : 54016,
            "10.000000" : 59648,
            "20.000000" : 82432,
            "30.000000" : 119296,
            "40.000000" : 173056,
            "50.000000" : 224256,
            "60.000000" : 296960,
            "70.000000" : 489472,
            "80.000000" : 11993088,
            "90.000000" : 18481152,
            "95.000000" : 26345472,
            "99.000000" : 58982400,
            "99.500000" : 143654912,
            "99.900000" : 734003200,
            "99.950000" : 893386752,
            "99.990000" : 1249902592
          }
        },
        "lat_ns" : {
          "min" : 46093,
          "max" : 1398350152,
          "mean" : 7703429.144194,
          "stddev" : 39530513.546940,
          "N" : 62305
        },
        "bw_min" : 254,
        "bw_max" : 264704,
        "bw_agg" : 100.000000,
        "bw_mean" : 133449.655172,
        "bw_dev" : 85817.758146,
        "bw_samples" : 58,
        "iops_min" : 3,
        "iops_max" : 4136,
        "iops_mean" : 2084.862069,
        "iops_stddev" : 1340.990227,
        "iops_samples" : 58
      },
      "trim" : {
        "io_bytes" : 0,
        "io_kbytes" : 0,
        "bw_bytes" : 0,
        "bw" : 0,
        "iops" : 0.000000,
        "runtime" : 0,
        "total_ios" : 0,
        "short_ios" : 0,
        "drop_ios" : 0,
        "slat_ns" : {
          "min" : 0,
          "max" : 0,
          "mean" : 0.000000,
          "stddev" : 0.000000,
          "N" : 0
        },
        "clat_ns" : {
          "min" : 0,
          "max" : 0,
          "mean" : 0.000000,
          "stddev" : 0.000000,
          "N" : 0
        },
        "lat_ns" : {
          "min" : 0,
          "max" : 0,
          "mean" : 0.000000,
          "stddev" : 0.000000,
          "N" : 0
        },
        "bw_min" : 0,
        "bw_max" : 0,
        "bw_agg" : 0.000000,
        "bw_mean" : 0.000000,
        "bw_dev" : 0.000000,
        "bw_samples" : 0,
        "iops_min" : 0,
        "iops_max" : 0,
        "iops_mean" : 0.000000,
        "iops_stddev" : 0.000000,
        "iops_samples" : 0
      },
      "sync" : {
        "total_ios" : 0,
        "lat_ns" : {
          "min" : 0,
          "max" : 0,
          "mean" : 0.000000,
          "stddev" : 0.000000,
          "N" : 0
        }
      },
      "job_runtime" : 30000,
      "usr_cpu" : 0.210000,
      "sys_cpu" : 5.526667,
      "ctx" : 21719,
      "majf" : 0,
      "minf" : 1,
      "iodepth_level" : {
        "1" : 0.100000,
        "2" : 0.100000,
        "4" : 0.100000,
        "8" : 0.100000,
        "16" : 99.975925,
        "32" : 0.000000,
        ">=64" : 0.000000
      },
      "iodepth_submit" : {
        "0" : 0.000000,
        "4" : 100.000000,
        "8" : 0.000000,
        "16" : 0.000000,
        "32" : 0.000000,
        "64" : 0.000000,
        ">=64" : 0.000000
      },
      "iodepth_complete" : {
        "0" : 0.000000,
        "4" : 99.998395,
        "8" : 0.000000,
        "16" : 0.100000,
        "32" : 0.000000,
        "64" : 0.000000,
        ">=64" : 0.000000
      },
      "latency_ns" : {
        "2" : 0.000000,
        "4" : 0.000000,
        "10" : 0.000000,
        "20" : 0.000000,
        "50" : 0.000000,
        "100" : 0.000000,
        "250" : 0.000000,
        "500" : 0.000000,
        "750" : 0.000000,
        "1000" : 0.000000
      },
      "latency_us" : {
        "2" : 0.010000,
        "4" : 0.000000,
        "10" : 0.000000,
        "20" : 0.080250,
        "50" : 2.492577,
        "100" : 23.240510,
        "250" : 28.158254,
        "500" : 16.234652,
        "750" : 1.598588,
        "1000" : 0.187786
      },
      "latency_ms" : {
        "2" : 0.073830,
        "4" : 0.010000,
        "10" : 0.791269,
        "20" : 17.900650,
        "50" : 7.846882,
        "100" : 0.730278,
        "250" : 0.311371,
        "500" : 0.174946,
        "750" : 0.083460,
        "1000" : 0.062595,
        "2000" : 0.024075,
        ">=2000" : 0.000000
      },
      "latency_depth" : 16,
      "latency_target" : 0,
      "latency_percentile" : 100.000000,
      "latency_window" : 0
    }
  ],
  "disk_util" : [
    {
      "name" : "sda",
      "read_ios" : 51,
      "write_ios" : 62030,
      "read_merges" : 0,
      "write_merges" : 0,
      "read_ticks" : 35,
      "write_ticks" : 473868,
      "in_queue" : 473903,
      "util" : 99.849965
    }
  ]
}
