{
  "fio version" : "fio-3.33",
  "timestamp" : 1727438597,
  "timestamp_ms" : 1727438597892,
  "time" : "Fri Sep 27 19:03:17 2024",
  "jobs" : [
    {
      "jobname" : "file",
      "groupid" : 0,
      "error" : 0,
      "eta" : 0,
      "elapsed" : 32,
      "job options" : {
        "rw" : "rw",
        "size" : "80%",
        "rwmixread" : "0",
        "bs" : "8k",
        "ioengine" : "libaio",
        "iodepth" : "16",
        "direct" : "1",
        "runtime" : "30",
        "numjobs" : "1",
        "filename" : "/dev/sda"
      },
      "read" : {
        "io_bytes" : 0,
        "io_kbytes" : 0,
        "bw_bytes" : 0,
        "bw" : 0,
        "iops" : 0.000000,
        "runtime" : 0,
        "total_ios" : 0,
        "short_ios" : 0,
        "drop_ios" : 0,
        "slat_ns" : {
          "min" : 0,
          "max" : 0,
          "mean" : 0.000000,
          "stddev" : 0.000000,
          "N" : 0
        },
        "clat_ns" : {
          "min" : 0,
          "max" : 0,
          "mean" : 0.000000,
          "stddev" : 0.000000,
          "N" : 0
        },
        "lat_ns" : {
          "min" : 0,
          "max" : 0,
          "mean" : 0.000000,
          "stddev" : 0.000000,
          "N" : 0
        },
        "bw_min" : 0,
        "bw_max" : 0,
        "bw_agg" : 0.000000,
        "bw_mean" : 0.000000,
        "bw_dev" : 0.000000,
        "bw_samples" : 0,
        "iops_min" : 0,
        "iops_max" : 0,
        "iops_mean" : 0.000000,
        "iops_stddev" : 0.000000,
        "iops_samples" : 0
      },
      "write" : {
        "io_bytes" : 1744756736,
        "io_kbytes" : 1703864,
        "bw_bytes" : 56468274,
        "bw" : 55144,
        "iops" : 6893.099877,
        "runtime" : 30898,
        "total_ios" : 212983,
        "short_ios" : 0,
        "drop_ios" : 0,
        "slat_ns" : {
          "min" : 6587,
          "max" : 24552183,
          "mean" : 21691.530146,
          "stddev" : 71012.113296,
          "N" : 212983
        },
        "clat_ns" : {
          "min" : 1079,
          "max" : 1591873827,
          "mean" : 2298814.118160,
          "stddev" : 28826345.641343,
          "N" : 212983,
          "percentile" : {
            "1.000000" : 29824,
            "5.000000" : 50944,
            "10.000000" : 89600,
            "20.000000" : 154624,
            "30.000000" : 211968,
            "40.000000" : 261120,
            "50.000000" : 317440,
            "60.000000" : 350208,
            "70.000000" : 366592,
            "80.000000" : 395264,
            "90.000000" : 497664,
            "95.000000" : 651264,
            "99.000000" : 52166656,
            "99.500000" : 73924608,
            "99.900000" : 221249536,
            "99.950000" : 429916160,
            "99.990000" : 1350565888
          }
        },
        "lat_ns" : {
          "min" : 30548,
          "max" : 1591881644,
          "mean" : 2320505.648305,
          "stddev" : 28825734.887616,
          "N" : 212983
        },
        "bw_min" : 5072,
        "bw_max" : 130800,
        "bw_agg" : 100.000000,
        "bw_mean" : 62992.314815,
        "bw_dev" : 33017.285456,
        "bw_samples" : 54,
        "iops_min" : 634,
        "iops_max" : 16350,
        "iops_mean" : 7873.759259,
        "iops_stddev" : 4127.189957,
        "iops_samples" : 54
      },
      "trim" : {
        "io_bytes" : 0,
        "io_kbytes" : 0,
        "bw_bytes" : 0,
        "bw" : 0,
        "iops" : 0.000000,
        "runtime" : 0,
        "total_ios" : 0,
        "short_ios" : 0,
        "drop_ios" : 0,
        "slat_ns" : {
          "min" : 0,
          "max" : 0,
          "mean" : 0.000000,
          "stddev" : 0.000000,
          "N" : 0
        },
        "clat_ns" : {
          "min" : 0,
          "max" : 0,
          "mean" : 0.000000,
          "stddev" : 0.000000,
          "N" : 0
        },
        "lat_ns" : {
          "min" : 0,
          "max" : 0,
          "mean" : 0.000000,
          "stddev" : 0.000000,
          "N" : 0
        },
        "bw_min" : 0,
        "bw_max" : 0,
        "bw_agg" : 0.000000,
        "bw_mean" : 0.000000,
        "bw_dev" : 0.000000,
        "bw_samples" : 0,
        "iops_min" : 0,
        "iops_max" : 0,
        "iops_mean" : 0.000000,
        "iops_stddev" : 0.000000,
        "iops_samples" : 0
      },
      "sync" : {
        "total_ios" : 0,
        "lat_ns" : {
          "min" : 0,
          "max" : 0,
          "mean" : 0.000000,
          "stddev" : 0.000000,
          "N" : 0
        }
      },
      "job_runtime" : 30897,
      "usr_cpu" : 0.576108,
      "sys_cpu" : 15.813833,
      "ctx" : 11693,
      "majf" : 0,
      "minf" : 1,
      "iodepth_level" : {
        "1" : 0.100000,
        "2" : 0.100000,
        "4" : 0.100000,
        "8" : 0.100000,
        "16" : 99.992957,
        "32" : 0.000000,
        ">=64" : 0.000000
      },
      "iodepth_submit" : {
        "0" : 0.000000,
        "4" : 100.000000,
        "8" : 0.000000,
        "16" : 0.000000,
        "32" : 0.000000,
        "64" : 0.000000,
        ">=64" : 0.000000
      },
      "iodepth_complete" : {
        "0" : 0.000000,
        "4" : 99.999530,
        "8" : 0.000000,
        "16" : 0.100000,
        "32" : 0.000000,
        "64" : 0.000000,
        ">=64" : 0.000000
      },
      "latency_ns" : {
        "2" : 0.000000,
        "4" : 0.000000,
        "10" : 0.000000,
        "20" : 0.000000,
        "50" : 0.000000,
        "100" : 0.000000,
        "250" : 0.000000,
        "500" : 0.000000,
        "750" : 0.000000,
        "1000" : 0.000000
      },
      "latency_us" : {
        "2" : 0.010000,
        "4" : 0.000000,
        "10" : 0.398154,
        "20" : 0.308006,
        "50" : 4.119578,
        "100" : 6.880361,
        "250" : 25.873896,
        "500" : 52.499495,
        "750" : 6.200964,
        "1000" : 1.072386
      },
      "latency_ms" : {
        "2" : 0.263401,
        "4" : 0.010000,
        "10" : 0.000000,
        "20" : 0.038031,
        "50" : 1.248456,
        "100" : 0.768606,
        "250" : 0.232882,
        "500" : 0.031927,
        "750" : 0.010000,
        "1000" : 0.011738,
        "2000" : 0.033336,
        ">=2000" : 0.000000
      },
      "latency_depth" : 16,
      "latency_target" : 0,
      "latency_percentile" : 100.000000,
      "latency_window" : 0
    }
  ],
  "disk_util" : [
    {
      "name" : "sda",
      "read_ios" : 51,
      "write_ios" : 212967,
      "read_merges" : 0,
      "write_merges" : 0,
      "read_ticks" : 19,
      "write_ticks" : 429431,
      "in_queue" : 429449,
      "util" : 99.348608
    }
  ]
}
