{
  "fio version" : "fio-3.33",
  "timestamp" : 1727437861,
  "timestamp_ms" : 1727437861285,
  "time" : "Fri Sep 27 18:51:01 2024",
  "jobs" : [
    {
      "jobname" : "file",
      "groupid" : 0,
      "error" : 0,
      "eta" : 0,
      "elapsed" : 35,
      "job options" : {
        "rw" : "randrw",
        "size" : "80%",
        "rwmixread" : "0",
        "bs" : "1024k",
        "ioengine" : "libaio",
        "iodepth" : "16",
        "direct" : "1",
        "runtime" : "30",
        "numjobs" : "1",
        "filename" : "/dev/sda"
      },
      "read" : {
        "io_bytes" : 0,
        "io_kbytes" : 0,
        "bw_bytes" : 0,
        "bw" : 0,
        "iops" : 0.000000,
        "runtime" : 0,
        "total_ios" : 0,
        "short_ios" : 0,
        "drop_ios" : 0,
        "slat_ns" : {
          "min" : 0,
          "max" : 0,
          "mean" : 0.000000,
          "stddev" : 0.000000,
          "N" : 0
        },
        "clat_ns" : {
          "min" : 0,
          "max" : 0,
          "mean" : 0.000000,
          "stddev" : 0.000000,
          "N" : 0
        },
        "lat_ns" : {
          "min" : 0,
          "max" : 0,
          "mean" : 0.000000,
          "stddev" : 0.000000,
          "N" : 0
        },
        "bw_min" : 0,
        "bw_max" : 0,
        "bw_agg" : 0.000000,
        "bw_mean" : 0.000000,
        "bw_dev" : 0.000000,
        "bw_samples" : 0,
        "iops_min" : 0,
        "iops_max" : 0,
        "iops_mean" : 0.000000,
        "iops_stddev" : 0.000000,
        "iops_samples" : 0
      },
      "write" : {
        "io_bytes" : 629145600,
        "io_kbytes" : 614400,
        "bw_bytes" : 18190233,
        "bw" : 17763,
        "iops" : 17.347558,
        "runtime" : 34587,
        "total_ios" : 600,
        "short_ios" : 0,
        "drop_ios" : 0,
        "slat_ns" : {
          "min" : 17913,
          "max" : 701920,
          "mean" : 70620.175000,
          "stddev" : 86655.765965,
          "N" : 600
        },
        "clat_ns" : {
          "min" : 1416514,
          "max" : 6104956098,
          "mean" : 914608790.455000,
          "stddev" : 1526146153.035517,
          "N" : 600,
          "percentile" : {
            "1.000000" : 36438016,
            "5.000000" : 49020928,
            "10.000000" : 54788096,
            "20.000000" : 63176704,
            "30.000000" : 68681728,
            "40.000000" : 74973184,
            "50.000000" : 82313216,
            "60.000000" : 89653248,
            "70.000000" : 115867648,
            "80.000000" : 2197815296,
            "90.000000" : 3439329280,
            "95.000000" : 4462739456,
            "99.000000" : 5804916736,
            "99.500000" : 5804916736,
            "99.900000" : 6073352192,
            "99.950000" : 6073352192,
            "99.990000" : 6073352192
          }
        },
        "lat_ns" : {
          "min" : 1468905,
          "max" : 6105013417,
          "mean" : 914679410.630000,
          "stddev" : 1526149069.866120,
          "N" : 600
        },
        "bw_min" : 2039,
        "bw_max" : 227328,
        "bw_agg" : 100.000000,
        "bw_mean" : 28516.642857,
        "bw_dev" : 62096.093571,
        "bw_samples" : 42,
        "iops_min" : 1,
        "iops_max" : 222,
        "iops_mean" : 27.476190,
        "iops_stddev" : 60.768348,
        "iops_samples" : 42
      },
      "trim" : {
        "io_bytes" : 0,
        "io_kbytes" : 0,
        "bw_bytes" : 0,
        "bw" : 0,
        "iops" : 0.000000,
        "runtime" : 0,
        "total_ios" : 0,
        "short_ios" : 0,
        "drop_ios" : 0,
        "slat_ns" : {
          "min" : 0,
          "max" : 0,
          "mean" : 0.000000,
          "stddev" : 0.000000,
          "N" : 0
        },
        "clat_ns" : {
          "min" : 0,
          "max" : 0,
          "mean" : 0.000000,
          "stddev" : 0.000000,
          "N" : 0
        },
        "lat_ns" : {
          "min" : 0,
          "max" : 0,
          "mean" : 0.000000,
          "stddev" : 0.000000,
          "N" : 0
        },
        "bw_min" : 0,
        "bw_max" : 0,
        "bw_agg" : 0.000000,
        "bw_mean" : 0.000000,
        "bw_dev" : 0.000000,
        "bw_samples" : 0,
        "iops_min" : 0,
        "iops_max" : 0,
        "iops_mean" : 0.000000,
        "iops_stddev" : 0.000000,
        "iops_samples" : 0
      },
      "sync" : {
        "total_ios" : 0,
        "lat_ns" : {
          "min" : 0,
          "max" : 0,
          "mean" : 0.000000,
          "stddev" : 0.000000,
          "N" : 0
        }
      },
      "job_runtime" : 34586,
      "usr_cpu" : 0.043370,
      "sys_cpu" : 0.109871,
      "ctx" : 369,
      "majf" : 0,
      "minf" : 1,
      "iodepth_level" : {
        "1" : 0.166667,
        "2" : 0.333333,
        "4" : 0.666667,
        "8" : 1.333333,
        "16" : 97.500000,
        "32" : 0.000000,
        ">=64" : 0.000000
      },
      "iodepth_submit" : {
        "0" : 0.000000,
        "4" : 100.000000,
        "8" : 0.000000,
        "16" : 0.000000,
        "32" : 0.000000,
        "64" : 0.000000,
        ">=64" : 0.000000
      },
      "iodepth_complete" : {
        "0" : 0.000000,
        "4" : 99.829352,
        "8" : 0.000000,
        "16" : 0.170648,
        "32" : 0.000000,
        "64" : 0.000000,
        ">=64" : 0.000000
      },
      "latency_ns" : {
        "2" : 0.000000,
        "4" : 0.000000,
        "10" : 0.000000,
        "20" : 0.000000,
        "50" : 0.000000,
        "100" : 0.000000,
        "250" : 0.000000,
        "500" : 0.000000,
        "750" : 0.000000,
        "1000" : 0.000000
      },
      "latency_us" : {
        "2" : 0.000000,
        "4" : 0.000000,
        "10" : 0.000000,
        "20" : 0.000000,
        "50" : 0.000000,
        "100" : 0.000000,
        "250" : 0.000000,
        "500" : 0.000000,
        "750" : 0.000000,
        "1000" : 0.000000
      },
      "latency_ms" : {
        "2" : 0.333333,
        "4" : 0.333333,
        "10" : 0.000000,
        "20" : 0.000000,
        "50" : 4.666667,
        "100" : 60.833333,
        "250" : 6.666667,
        "500" : 0.000000,
        "750" : 0.000000,
        "1000" : 0.500000,
        "2000" : 4.666667,
        ">=2000" : 22.000000
      },
      "latency_depth" : 16,
      "latency_target" : 0,
      "latency_percentile" : 100.000000,
      "latency_window" : 0
    }
  ],
  "disk_util" : [
    {
      "name" : "sda",
      "read_ios" : 51,
      "write_ios" : 675,
      "read_merges" : 0,
      "write_merges" : 0,
      "read_ticks" : 26,
      "write_ticks" : 557325,
      "in_queue" : 557351,
      "util" : 99.942049
    }
  ]
}
