{
  "fio version" : "fio-3.33",
  "timestamp" : 1727437760,
  "timestamp_ms" : 1727437760639,
  "time" : "Fri Sep 27 18:49:20 2024",
  "jobs" : [
    {
      "jobname" : "file",
      "groupid" : 0,
      "error" : 0,
      "eta" : 0,
      "elapsed" : 35,
      "job options" : {
        "rw" : "randrw",
        "size" : "80%",
        "rwmixread" : "0",
        "bs" : "128k",
        "ioengine" : "libaio",
        "iodepth" : "16",
        "direct" : "1",
        "runtime" : "30",
        "numjobs" : "1",
        "filename" : "/dev/sda"
      },
      "read" : {
        "io_bytes" : 0,
        "io_kbytes" : 0,
        "bw_bytes" : 0,
        "bw" : 0,
        "iops" : 0.000000,
        "runtime" : 0,
        "total_ios" : 0,
        "short_ios" : 0,
        "drop_ios" : 0,
        "slat_ns" : {
          "min" : 0,
          "max" : 0,
          "mean" : 0.000000,
          "stddev" : 0.000000,
          "N" : 0
        },
        "clat_ns" : {
          "min" : 0,
          "max" : 0,
          "mean" : 0.000000,
          "stddev" : 0.000000,
          "N" : 0
        },
        "lat_ns" : {
          "min" : 0,
          "max" : 0,
          "mean" : 0.000000,
          "stddev" : 0.000000,
          "N" : 0
        },
        "bw_min" : 0,
        "bw_max" : 0,
        "bw_agg" : 0.000000,
        "bw_mean" : 0.000000,
        "bw_dev" : 0.000000,
        "bw_samples" : 0,
        "iops_min" : 0,
        "iops_max" : 0,
        "iops_mean" : 0.000000,
        "iops_stddev" : 0.000000,
        "iops_samples" : 0
      },
      "write" : {
        "io_bytes" : 81920000,
        "io_kbytes" : 80000,
        "bw_bytes" : 2406721,
        "bw" : 2350,
        "iops" : 18.361831,
        "runtime" : 34038,
        "total_ios" : 625,
        "short_ios" : 0,
        "drop_ios" : 0,
        "slat_ns" : {
          "min" : 7487,
          "max" : 745684,
          "mean" : 33414.955200,
          "stddev" : 44717.751332,
          "N" : 625
        },
        "clat_ns" : {
          "min" : 2419,
          "max" : 7451444913,
          "mean" : 866338277.315200,
          "stddev" : 1647436249.903206,
          "N" : 625,
          "percentile" : {
            "1.000000" : 44800,
            "5.000000" : 48896,
            "10.000000" : 59136,
            "20.000000" : 74240,
            "30.000000" : 94720,
            "40.000000" : 128512,
            "50.000000" : 1499136,
            "60.000000" : 242221056,
            "70.000000" : 325058560,
            "80.000000" : 1266679808,
            "90.000000" : 3640655872,
            "95.000000" : 4596957184,
            "99.000000" : 7079985152,
            "99.500000" : 7281311744,
            "99.900000" : 7482638336,
            "99.950000" : 7482638336,
            "99.990000" : 7482638336
          }
        },
        "lat_ns" : {
          "min" : 55800,
          "max" : 7451488496,
          "mean" : 866371692.270401,
          "stddev" : 1647438516.234025,
          "N" : 625
        },
        "bw_min" : 255,
        "bw_max" : 18358,
        "bw_agg" : 100.000000,
        "bw_mean" : 4198.945946,
        "bw_dev" : 5004.306323,
        "bw_samples" : 37,
        "iops_min" : 1,
        "iops_max" : 143,
        "iops_mean" : 32.351351,
        "iops_stddev" : 39.127439,
        "iops_samples" : 37
      },
      "trim" : {
        "io_bytes" : 0,
        "io_kbytes" : 0,
        "bw_bytes" : 0,
        "bw" : 0,
        "iops" : 0.000000,
        "runtime" : 0,
        "total_ios" : 0,
        "short_ios" : 0,
        "drop_ios" : 0,
        "slat_ns" : {
          "min" : 0,
          "max" : 0,
          "mean" : 0.000000,
          "stddev" : 0.000000,
          "N" : 0
        },
        "clat_ns" : {
          "min" : 0,
          "max" : 0,
          "mean" : 0.000000,
          "stddev" : 0.000000,
          "N" : 0
        },
        "lat_ns" : {
          "min" : 0,
          "max" : 0,
          "mean" : 0.000000,
          "stddev" : 0.000000,
          "N" : 0
        },
        "bw_min" : 0,
        "bw_max" : 0,
        "bw_agg" : 0.000000,
        "bw_mean" : 0.000000,
        "bw_dev" : 0.000000,
        "bw_samples" : 0,
        "iops_min" : 0,
        "iops_max" : 0,
        "iops_mean" : 0.000000,
        "iops_stddev" : 0.000000,
        "iops_samples" : 0
      },
      "sync" : {
        "total_ios" : 0,
        "lat_ns" : {
          "min" : 0,
          "max" : 0,
          "mean" : 0.000000,
          "stddev" : 0.000000,
          "N" : 0
        }
      },
      "job_runtime" : 34037,
      "usr_cpu" : 0.000000,
      "sys_cpu" : 0.088139,
      "ctx" : 496,
      "majf" : 0,
      "minf" : 1,
      "iodepth_level" : {
        "1" : 0.160000,
        "2" : 0.320000,
        "4" : 0.640000,
        "8" : 1.280000,
        "16" : 97.600000,
        "32" : 0.000000,
        ">=64" : 0.000000
      },
      "iodepth_submit" : {
        "0" : 0.000000,
        "4" : 100.000000,
        "8" : 0.000000,
        "16" : 0.000000,
        "32" : 0.000000,
        "64" : 0.000000,
        ">=64" : 0.000000
      },
      "iodepth_complete" : {
        "0" : 0.000000,
        "4" : 99.836334,
        "8" : 0.000000,
        "16" : 0.163666,
        "32" : 0.000000,
        "64" : 0.000000,
        ">=64" : 0.000000
      },
      "latency_ns" : {
        "2" : 0.000000,
        "4" : 0.000000,
        "10" : 0.000000,
        "20" : 0.000000,
        "50" : 0.000000,
        "100" : 0.000000,
        "250" : 0.000000,
        "500" : 0.000000,
        "750" : 0.000000,
        "1000" : 0.000000
      },
      "latency_us" : {
        "2" : 0.000000,
        "4" : 0.160000,
        "10" : 0.000000,
        "20" : 0.000000,
        "50" : 5.760000,
        "100" : 26.240000,
        "250" : 9.440000,
        "500" : 0.000000,
        "750" : 3.040000,
        "1000" : 2.720000
      },
      "latency_ms" : {
        "2" : 3.040000,
        "4" : 0.000000,
        "10" : 0.000000,
        "20" : 0.000000,
        "50" : 0.000000,
        "100" : 2.080000,
        "250" : 8.800000,
        "500" : 12.000000,
        "750" : 4.160000,
        "1000" : 0.800000,
        "2000" : 5.600000,
        ">=2000" : 16.160000
      },
      "latency_depth" : 16,
      "latency_target" : 0,
      "latency_percentile" : 100.000000,
      "latency_window" : 0
    }
  ],
  "disk_util" : [
    {
      "name" : "sda",
      "read_ios" : 51,
      "write_ios" : 617,
      "read_merges" : 0,
      "write_merges" : 0,
      "read_ticks" : 21810,
      "write_ticks" : 494080,
      "in_queue" : 515890,
      "util" : 100.000000
    }
  ]
}
