{
  "fio version" : "fio-3.33",
  "timestamp" : 1727437663,
  "timestamp_ms" : 1727437663687,
  "time" : "Fri Sep 27 18:47:43 2024",
  "jobs" : [
    {
      "jobname" : "file",
      "groupid" : 0,
      "error" : 0,
      "eta" : 0,
      "elapsed" : 31,
      "job options" : {
        "rw" : "randrw",
        "size" : "80%",
        "rwmixread" : "0",
        "bs" : "16k",
        "ioengine" : "libaio",
        "iodepth" : "16",
        "direct" : "1",
        "runtime" : "30",
        "numjobs" : "1",
        "filename" : "/dev/sda"
      },
      "read" : {
        "io_bytes" : 0,
        "io_kbytes" : 0,
        "bw_bytes" : 0,
        "bw" : 0,
        "iops" : 0.000000,
        "runtime" : 0,
        "total_ios" : 0,
        "short_ios" : 0,
        "drop_ios" : 0,
        "slat_ns" : {
          "min" : 0,
          "max" : 0,
          "mean" : 0.000000,
          "stddev" : 0.000000,
          "N" : 0
        },
        "clat_ns" : {
          "min" : 0,
          "max" : 0,
          "mean" : 0.000000,
          "stddev" : 0.000000,
          "N" : 0
        },
        "lat_ns" : {
          "min" : 0,
          "max" : 0,
          "mean" : 0.000000,
          "stddev" : 0.000000,
          "N" : 0
        },
        "bw_min" : 0,
        "bw_max" : 0,
        "bw_agg" : 0.000000,
        "bw_mean" : 0.000000,
        "bw_dev" : 0.000000,
        "bw_samples" : 0,
        "iops_min" : 0,
        "iops_max" : 0,
        "iops_mean" : 0.000000,
        "iops_stddev" : 0.000000,
        "iops_samples" : 0
      },
      "write" : {
        "io_bytes" : 814350336,
        "io_kbytes" : 795264,
        "bw_bytes" : 26790483,
        "bw" : 26162,
        "iops" : 1635.161365,
        "runtime" : 30397,
        "total_ios" : 49704,
        "short_ios" : 0,
        "drop_ios" : 0,
        "slat_ns" : {
          "min" : 6957,
          "max" : 591970,
          "mean" : 17411.665922,
          "stddev" : 16466.665786,
          "N" : 49704
        },
        "clat_ns" : {
          "min" : 1120,
          "max" : 1474401666,
          "mean" : 9761471.347618,
          "stddev" : 75319729.185233,
          "N" : 49704,
          "percentile" : {
            "1.000000" : 39168,
            "5.000000" : 50944,
            "10.000000" : 74240,
            "20.000000" : 150528,
            "30.000000" : 234496,
            "40.000000" : 259072,
            "50.000000" : 276480,
            "60.000000" : 305152,
            "70.000000" : 337920,
            "80.000000" : 378880,
            "90.000000" : 485376,
            "95.000000" : 15269888,
            "99.000000" : 202375168,
            "99.500000" : 641728512,
            "99.900000" : 1132462080,
            "99.950000" : 1300234240,
            "99.990000" : 1350565888
          }
        },
        "lat_ns" : {
          "min" : 33118,
          "max" : 1474418669,
          "mean" : 9778883.013540,
          "stddev" : 75319094.569538,
          "N" : 49704
        },
        "bw_min" : 3992,
        "bw_max" : 96736,
        "bw_agg" : 100.000000,
        "bw_mean" : 33086.125000,
        "bw_dev" : 28949.588271,
        "bw_samples" : 48,
        "iops_min" : 249,
        "iops_max" : 6046,
        "iops_mean" : 2067.604167,
        "iops_stddev" : 1809.473754,
        "iops_samples" : 48
      },
      "trim" : {
        "io_bytes" : 0,
        "io_kbytes" : 0,
        "bw_bytes" : 0,
        "bw" : 0,
        "iops" : 0.000000,
        "runtime" : 0,
        "total_ios" : 0,
        "short_ios" : 0,
        "drop_ios" : 0,
        "slat_ns" : {
          "min" : 0,
          "max" : 0,
          "mean" : 0.000000,
          "stddev" : 0.000000,
          "N" : 0
        },
        "clat_ns" : {
          "min" : 0,
          "max" : 0,
          "mean" : 0.000000,
          "stddev" : 0.000000,
          "N" : 0
        },
        "lat_ns" : {
          "min" : 0,
          "max" : 0,
          "mean" : 0.000000,
          "stddev" : 0.000000,
          "N" : 0
        },
        "bw_min" : 0,
        "bw_max" : 0,
        "bw_agg" : 0.000000,
        "bw_mean" : 0.000000,
        "bw_dev" : 0.000000,
        "bw_samples" : 0,
        "iops_min" : 0,
        "iops_max" : 0,
        "iops_mean" : 0.000000,
        "iops_stddev" : 0.000000,
        "iops_samples" : 0
      },
      "sync" : {
        "total_ios" : 0,
        "lat_ns" : {
          "min" : 0,
          "max" : 0,
          "mean" : 0.000000,
          "stddev" : 0.000000,
          "N" : 0
        }
      },
      "job_runtime" : 30396,
      "usr_cpu" : 0.138176,
      "sys_cpu" : 3.161600,
      "ctx" : 6050,
      "majf" : 0,
      "minf" : 1,
      "iodepth_level" : {
        "1" : 0.100000,
        "2" : 0.100000,
        "4" : 0.100000,
        "8" : 0.100000,
        "16" : 99.969821,
        "32" : 0.000000,
        ">=64" : 0.000000
      },
      "iodepth_submit" : {
        "0" : 0.000000,
        "4" : 100.000000,
        "8" : 0.000000,
        "16" : 0.000000,
        "32" : 0.000000,
        "64" : 0.000000,
        ">=64" : 0.000000
      },
      "iodepth_complete" : {
        "0" : 0.000000,
        "4" : 99.997988,
        "8" : 0.000000,
        "16" : 0.100000,
        "32" : 0.000000,
        "64" : 0.000000,
        ">=64" : 0.000000
      },
      "latency_ns" : {
        "2" : 0.000000,
        "4" : 0.000000,
        "10" : 0.000000,
        "20" : 0.000000,
        "50" : 0.000000,
        "100" : 0.000000,
        "250" : 0.000000,
        "500" : 0.000000,
        "750" : 0.000000,
        "1000" : 0.000000
      },
      "latency_us" : {
        "2" : 0.010000,
        "4" : 0.000000,
        "10" : 0.000000,
        "20" : 0.255513,
        "50" : 4.522775,
        "100" : 9.445920,
        "250" : 20.040641,
        "500" : 56.373732,
        "750" : 3.162723,
        "1000" : 0.301787
      },
      "latency_ms" : {
        "2" : 0.128762,
        "4" : 0.000000,
        "10" : 0.046274,
        "20" : 1.442540,
        "50" : 1.267504,
        "100" : 0.565347,
        "250" : 1.537100,
        "500" : 0.368180,
        "750" : 0.211251,
        "1000" : 0.096572,
        "2000" : 0.227346,
        ">=2000" : 0.000000
      },
      "latency_depth" : 16,
      "latency_target" : 0,
      "latency_percentile" : 100.000000,
      "latency_window" : 0
    }
  ],
  "disk_util" : [
    {
      "name" : "sda",
      "read_ios" : 48,
      "write_ios" : 49701,
      "read_merges" : 0,
      "write_merges" : 0,
      "read_ticks" : 12,
      "write_ticks" : 474460,
      "in_queue" : 474471,
      "util" : 99.735834
    }
  ]
}
