{
  "fio version" : "fio-3.33",
  "timestamp" : 1727437795,
  "timestamp_ms" : 1727437795015,
  "time" : "Fri Sep 27 18:49:55 2024",
  "jobs" : [
    {
      "jobname" : "file",
      "groupid" : 0,
      "error" : 0,
      "eta" : 0,
      "elapsed" : 33,
      "job options" : {
        "rw" : "randrw",
        "size" : "80%",
        "rwmixread" : "0",
        "bs" : "256k",
        "ioengine" : "libaio",
        "iodepth" : "16",
        "direct" : "1",
        "runtime" : "30",
        "numjobs" : "1",
        "filename" : "/dev/sda"
      },
      "read" : {
        "io_bytes" : 0,
        "io_kbytes" : 0,
        "bw_bytes" : 0,
        "bw" : 0,
        "iops" : 0.000000,
        "runtime" : 0,
        "total_ios" : 0,
        "short_ios" : 0,
        "drop_ios" : 0,
        "slat_ns" : {
          "min" : 0,
          "max" : 0,
          "mean" : 0.000000,
          "stddev" : 0.000000,
          "N" : 0
        },
        "clat_ns" : {
          "min" : 0,
          "max" : 0,
          "mean" : 0.000000,
          "stddev" : 0.000000,
          "N" : 0
        },
        "lat_ns" : {
          "min" : 0,
          "max" : 0,
          "mean" : 0.000000,
          "stddev" : 0.000000,
          "N" : 0
        },
        "bw_min" : 0,
        "bw_max" : 0,
        "bw_agg" : 0.000000,
        "bw_mean" : 0.000000,
        "bw_dev" : 0.000000,
        "bw_samples" : 0,
        "iops_min" : 0,
        "iops_max" : 0,
        "iops_mean" : 0.000000,
        "iops_stddev" : 0.000000,
        "iops_samples" : 0
      },
      "write" : {
        "io_bytes" : 591659008,
        "io_kbytes" : 577792,
        "bw_bytes" : 18314214,
        "bw" : 17884,
        "iops" : 69.863183,
        "runtime" : 32306,
        "total_ios" : 2257,
        "short_ios" : 0,
        "drop_ios" : 0,
        "slat_ns" : {
          "min" : 4808,
          "max" : 286664,
          "mean" : 29824.836952,
          "stddev" : 18395.446915,
          "N" : 2257
        },
        "clat_ns" : {
          "min" : 60047,
          "max" : 5506628773,
          "mean" : 220673849.784227,
          "stddev" : 604045885.365250,
          "N" : 2257,
          "percentile" : {
            "1.000000" : 68096,
            "5.000000" : 74240,
            "10.000000" : 78336,
            "20.000000" : 83456,
            "30.000000" : 110080,
            "40.000000" : 36438016,
            "50.000000" : 62128128,
            "60.000000" : 67633152,
            "70.000000" : 79167488,
            "80.000000" : 119013376,
            "90.000000" : 624951296,
            "95.000000" : 1182793728,
            "99.000000" : 3674210304,
            "99.500000" : 4731174912,
            "99.900000" : 5335154688,
            "99.950000" : 5402263552,
            "99.990000" : 5536481280
          }
        },
        "lat_ns" : {
          "min" : 72713,
          "max" : 5506681493,
          "mean" : 220703674.621178,
          "stddev" : 604050694.153583,
          "N" : 2257
        },
        "bw_min" : 509,
        "bw_max" : 101888,
        "bw_agg" : 100.000000,
        "bw_mean" : 22927.420000,
        "bw_dev" : 30210.930026,
        "bw_samples" : 50,
        "iops_min" : 1,
        "iops_max" : 398,
        "iops_mean" : 89.180000,
        "iops_stddev" : 118.076539,
        "iops_samples" : 50
      },
      "trim" : {
        "io_bytes" : 0,
        "io_kbytes" : 0,
        "bw_bytes" : 0,
        "bw" : 0,
        "iops" : 0.000000,
        "runtime" : 0,
        "total_ios" : 0,
        "short_ios" : 0,
        "drop_ios" : 0,
        "slat_ns" : {
          "min" : 0,
          "max" : 0,
          "mean" : 0.000000,
          "stddev" : 0.000000,
          "N" : 0
        },
        "clat_ns" : {
          "min" : 0,
          "max" : 0,
          "mean" : 0.000000,
          "stddev" : 0.000000,
          "N" : 0
        },
        "lat_ns" : {
          "min" : 0,
          "max" : 0,
          "mean" : 0.000000,
          "stddev" : 0.000000,
          "N" : 0
        },
        "bw_min" : 0,
        "bw_max" : 0,
        "bw_agg" : 0.000000,
        "bw_mean" : 0.000000,
        "bw_dev" : 0.000000,
        "bw_samples" : 0,
        "iops_min" : 0,
        "iops_max" : 0,
        "iops_mean" : 0.000000,
        "iops_stddev" : 0.000000,
        "iops_samples" : 0
      },
      "sync" : {
        "total_ios" : 0,
        "lat_ns" : {
          "min" : 0,
          "max" : 0,
          "mean" : 0.000000,
          "stddev" : 0.000000,
          "N" : 0
        }
      },
      "job_runtime" : 32305,
      "usr_cpu" : 0.034050,
      "sys_cpu" : 0.275499,
      "ctx" : 2220,
      "majf" : 0,
      "minf" : 1,
      "iodepth_level" : {
        "1" : 0.100000,
        "2" : 0.100000,
        "4" : 0.177226,
        "8" : 0.354453,
        "16" : 99.335401,
        "32" : 0.000000,
        ">=64" : 0.000000
      },
      "iodepth_submit" : {
        "0" : 0.000000,
        "4" : 100.000000,
        "8" : 0.000000,
        "16" : 0.000000,
        "32" : 0.000000,
        "64" : 0.000000,
        ">=64" : 0.000000
      },
      "iodepth_complete" : {
        "0" : 0.000000,
        "4" : 99.955417,
        "8" : 0.000000,
        "16" : 0.100000,
        "32" : 0.000000,
        "64" : 0.000000,
        ">=64" : 0.000000
      },
      "latency_ns" : {
        "2" : 0.000000,
        "4" : 0.000000,
        "10" : 0.000000,
        "20" : 0.000000,
        "50" : 0.000000,
        "100" : 0.000000,
        "250" : 0.000000,
        "500" : 0.000000,
        "750" : 0.000000,
        "1000" : 0.000000
      },
      "latency_us" : {
        "2" : 0.000000,
        "4" : 0.000000,
        "10" : 0.000000,
        "20" : 0.000000,
        "50" : 0.000000,
        "100" : 28.090385,
        "250" : 10.367745,
        "500" : 0.088613,
        "750" : 0.044307,
        "1000" : 0.221533
      },
      "latency_ms" : {
        "2" : 0.620292,
        "4" : 0.088613,
        "10" : 0.000000,
        "20" : 0.132920,
        "50" : 0.531679,
        "100" : 37.616305,
        "250" : 6.956136,
        "500" : 4.696500,
        "750" : 1.550731,
        "1000" : 1.019052,
        "2000" : 5.582632,
        ">=2000" : 2.392556
      },
      "latency_depth" : 16,
      "latency_target" : 0,
      "latency_percentile" : 100.000000,
      "latency_window" : 0
    }
  ],
  "disk_util" : [
    {
      "name" : "sda",
      "read_ios" : 51,
      "write_ios" : 2255,
      "read_merges" : 0,
      "write_merges" : 0,
      "read_ticks" : 14327,
      "write_ticks" : 478971,
      "in_queue" : 493297,
      "util" : 100.000000
    }
  ]
}
