{
  "fio version" : "fio-3.33",
  "timestamp" : 1727437694,
  "timestamp_ms" : 1727437694088,
  "time" : "Fri Sep 27 18:48:14 2024",
  "jobs" : [
    {
      "jobname" : "file",
      "groupid" : 0,
      "error" : 0,
      "eta" : 0,
      "elapsed" : 31,
      "job options" : {
        "rw" : "randrw",
        "size" : "80%",
        "rwmixread" : "0",
        "bs" : "32k",
        "ioengine" : "libaio",
        "iodepth" : "16",
        "direct" : "1",
        "runtime" : "30",
        "numjobs" : "1",
        "filename" : "/dev/sda"
      },
      "read" : {
        "io_bytes" : 0,
        "io_kbytes" : 0,
        "bw_bytes" : 0,
        "bw" : 0,
        "iops" : 0.000000,
        "runtime" : 0,
        "total_ios" : 0,
        "short_ios" : 0,
        "drop_ios" : 0,
        "slat_ns" : {
          "min" : 0,
          "max" : 0,
          "mean" : 0.000000,
          "stddev" : 0.000000,
          "N" : 0
        },
        "clat_ns" : {
          "min" : 0,
          "max" : 0,
          "mean" : 0.000000,
          "stddev" : 0.000000,
          "N" : 0
        },
        "lat_ns" : {
          "min" : 0,
          "max" : 0,
          "mean" : 0.000000,
          "stddev" : 0.000000,
          "N" : 0
        },
        "bw_min" : 0,
        "bw_max" : 0,
        "bw_agg" : 0.000000,
        "bw_mean" : 0.000000,
        "bw_dev" : 0.000000,
        "bw_samples" : 0,
        "iops_min" : 0,
        "iops_max" : 0,
        "iops_mean" : 0.000000,
        "iops_stddev" : 0.000000,
        "iops_samples" : 0
      },
      "write" : {
        "io_bytes" : 921763840,
        "io_kbytes" : 900160,
        "bw_bytes" : 30674337,
        "bw" : 29955,
        "iops" : 936.106489,
        "runtime" : 30050,
        "total_ios" : 28130,
        "short_ios" : 0,
        "drop_ios" : 0,
        "slat_ns" : {
          "min" : 7547,
          "max" : 438847,
          "mean" : 19958.476324,
          "stddev" : 21810.476742,
          "N" : 28130
        },
        "clat_ns" : {
          "min" : 1129,
          "max" : 1176568429,
          "mean" : 17069342.251440,
          "stddev" : 90483164.894102,
          "N" : 28130,
          "percentile" : {
            "1.000000" : 33024,
            "5.000000" : 45312,
            "10.000000" : 52992,
            "20.000000" : 73216,
            "30.000000" : 99840,
            "40.000000" : 148480,
            "50.000000" : 220160,
            "60.000000" : 288768,
            "70.000000" : 350208,
            "80.000000" : 448512,
            "90.000000" : 39059456,
            "95.000000" : 57409536,
            "99.000000" : 557842432,
            "99.500000" : 893386752,
            "99.900000" : 977272832,
            "99.950000" : 1002438656,
            "99.990000" : 1182793728
          }
        },
        "lat_ns" : {
          "min" : 33497,
          "max" : 1176577926,
          "mean" : 17089300.727764,
          "stddev" : 90482813.918244,
          "N" : 28130
        },
        "bw_min" : 63,
        "bw_max" : 115904,
        "bw_agg" : 100.000000,
        "bw_mean" : 35804.560000,
        "bw_dev" : 27363.871797,
        "bw_samples" : 50,
        "iops_min" : 1,
        "iops_max" : 3622,
        "iops_mean" : 1118.540000,
        "iops_stddev" : 855.192166,
        "iops_samples" : 50
      },
      "trim" : {
        "io_bytes" : 0,
        "io_kbytes" : 0,
        "bw_bytes" : 0,
        "bw" : 0,
        "iops" : 0.000000,
        "runtime" : 0,
        "total_ios" : 0,
        "short_ios" : 0,
        "drop_ios" : 0,
        "slat_ns" : {
          "min" : 0,
          "max" : 0,
          "mean" : 0.000000,
          "stddev" : 0.000000,
          "N" : 0
        },
        "clat_ns" : {
          "min" : 0,
          "max" : 0,
          "mean" : 0.000000,
          "stddev" : 0.000000,
          "N" : 0
        },
        "lat_ns" : {
          "min" : 0,
          "max" : 0,
          "mean" : 0.000000,
          "stddev" : 0.000000,
          "N" : 0
        },
        "bw_min" : 0,
        "bw_max" : 0,
        "bw_agg" : 0.000000,
        "bw_mean" : 0.000000,
        "bw_dev" : 0.000000,
        "bw_samples" : 0,
        "iops_min" : 0,
        "iops_max" : 0,
        "iops_mean" : 0.000000,
        "iops_stddev" : 0.000000,
        "iops_samples" : 0
      },
      "sync" : {
        "total_ios" : 0,
        "lat_ns" : {
          "min" : 0,
          "max" : 0,
          "mean" : 0.000000,
          "stddev" : 0.000000,
          "N" : 0
        }
      },
      "job_runtime" : 30049,
      "usr_cpu" : 0.073214,
      "sys_cpu" : 2.209724,
      "ctx" : 7166,
      "majf" : 0,
      "minf" : 1,
      "iodepth_level" : {
        "1" : 0.100000,
        "2" : 0.100000,
        "4" : 0.100000,
        "8" : 0.100000,
        "16" : 99.946676,
        "32" : 0.000000,
        ">=64" : 0.000000
      },
      "iodepth_submit" : {
        "0" : 0.000000,
        "4" : 100.000000,
        "8" : 0.000000,
        "16" : 0.000000,
        "32" : 0.000000,
        "64" : 0.000000,
        ">=64" : 0.000000
      },
      "iodepth_complete" : {
        "0" : 0.000000,
        "4" : 99.996443,
        "8" : 0.000000,
        "16" : 0.100000,
        "32" : 0.000000,
        "64" : 0.000000,
        ">=64" : 0.000000
      },
      "latency_ns" : {
        "2" : 0.000000,
        "4" : 0.000000,
        "10" : 0.000000,
        "20" : 0.000000,
        "50" : 0.000000,
        "100" : 0.000000,
        "250" : 0.000000,
        "500" : 0.000000,
        "750" : 0.000000,
        "1000" : 0.000000
      },
      "latency_us" : {
        "2" : 0.014220,
        "4" : 0.000000,
        "10" : 0.000000,
        "20" : 0.092428,
        "50" : 7.252044,
        "100" : 22.747956,
        "250" : 23.615357,
        "500" : 29.143263,
        "750" : 2.840384,
        "1000" : 0.167081
      },
      "latency_ms" : {
        "2" : 0.000000,
        "4" : 0.000000,
        "10" : 0.010000,
        "20" : 0.113758,
        "50" : 7.877711,
        "100" : 3.995734,
        "250" : 0.654106,
        "500" : 0.458585,
        "750" : 0.227515,
        "1000" : 0.728759,
        "2000" : 0.067544,
        ">=2000" : 0.000000
      },
      "latency_depth" : 16,
      "latency_target" : 0,
      "latency_percentile" : 100.000000,
      "latency_window" : 0
    }
  ],
  "disk_util" : [
    {
      "name" : "sda",
      "read_ios" : 37,
      "write_ios" : 28032,
      "read_merges" : 0,
      "write_merges" : 0,
      "read_ticks" : 10,
      "write_ticks" : 461384,
      "in_queue" : 461393,
      "util" : 99.853275
    }
  ]
}
