{
  "fio version" : "fio-3.33",
  "timestamp" : 1727437602,
  "timestamp_ms" : 1727437602483,
  "time" : "Fri Sep 27 18:46:42 2024",
  "jobs" : [
    {
      "jobname" : "file",
      "groupid" : 0,
      "error" : 0,
      "eta" : 0,
      "elapsed" : 31,
      "job options" : {
        "rw" : "randrw",
        "size" : "80%",
        "rwmixread" : "0",
        "bs" : "4k",
        "ioengine" : "libaio",
        "iodepth" : "16",
        "direct" : "1",
        "runtime" : "30",
        "numjobs" : "1",
        "filename" : "/dev/sda"
      },
      "read" : {
        "io_bytes" : 0,
        "io_kbytes" : 0,
        "bw_bytes" : 0,
        "bw" : 0,
        "iops" : 0.000000,
        "runtime" : 0,
        "total_ios" : 0,
        "short_ios" : 0,
        "drop_ios" : 0,
        "slat_ns" : {
          "min" : 0,
          "max" : 0,
          "mean" : 0.000000,
          "stddev" : 0.000000,
          "N" : 0
        },
        "clat_ns" : {
          "min" : 0,
          "max" : 0,
          "mean" : 0.000000,
          "stddev" : 0.000000,
          "N" : 0
        },
        "lat_ns" : {
          "min" : 0,
          "max" : 0,
          "mean" : 0.000000,
          "stddev" : 0.000000,
          "N" : 0
        },
        "bw_min" : 0,
        "bw_max" : 0,
        "bw_agg" : 0.000000,
        "bw_mean" : 0.000000,
        "bw_dev" : 0.000000,
        "bw_samples" : 0,
        "iops_min" : 0,
        "iops_max" : 0,
        "iops_mean" : 0.000000,
        "iops_stddev" : 0.000000,
        "iops_samples" : 0
      },
      "write" : {
        "io_bytes" : 440827904,
        "io_kbytes" : 430496,
        "bw_bytes" : 14637178,
        "bw" : 14294,
        "iops" : 3573.529900,
        "runtime" : 30117,
        "total_ios" : 107624,
        "short_ios" : 0,
        "drop_ios" : 0,
        "slat_ns" : {
          "min" : 6497,
          "max" : 26753752,
          "mean" : 19344.863627,
          "stddev" : 84224.539083,
          "N" : 107624
        },
        "clat_ns" : {
          "min" : 9627,
          "max" : 1352412728,
          "mean" : 4457232.330084,
          "stddev" : 58002650.908408,
          "N" : 107624,
          "percentile" : {
            "1.000000" : 104960,
            "5.000000" : 183296,
            "10.000000" : 222208,
            "20.000000" : 246784,
            "30.000000" : 272384,
            "40.000000" : 305152,
            "50.000000" : 333824,
            "60.000000" : 354304,
            "70.000000" : 370688,
            "80.000000" : 395264,
            "90.000000" : 497664,
            "95.000000" : 684032,
            "99.000000" : 36962304,
            "99.500000" : 143654912,
            "99.900000" : 1010827264,
            "99.950000" : 1044381696,
            "99.990000" : 1350565888
          }
        },
        "lat_ns" : {
          "min" : 41475,
          "max" : 1352419515,
          "mean" : 4476577.193711,
          "stddev" : 58001997.716532,
          "N" : 107624
        },
        "bw_min" : 168,
        "bw_max" : 57016,
        "bw_agg" : 100.000000,
        "bw_mean" : 22052.351351,
        "bw_dev" : 15150.223778,
        "bw_samples" : 37,
        "iops_min" : 42,
        "iops_max" : 14254,
        "iops_mean" : 5512.864865,
        "iops_stddev" : 3787.509290,
        "iops_samples" : 37
      },
      "trim" : {
        "io_bytes" : 0,
        "io_kbytes" : 0,
        "bw_bytes" : 0,
        "bw" : 0,
        "iops" : 0.000000,
        "runtime" : 0,
        "total_ios" : 0,
        "short_ios" : 0,
        "drop_ios" : 0,
        "slat_ns" : {
          "min" : 0,
          "max" : 0,
          "mean" : 0.000000,
          "stddev" : 0.000000,
          "N" : 0
        },
        "clat_ns" : {
          "min" : 0,
          "max" : 0,
          "mean" : 0.000000,
          "stddev" : 0.000000,
          "N" : 0
        },
        "lat_ns" : {
          "min" : 0,
          "max" : 0,
          "mean" : 0.000000,
          "stddev" : 0.000000,
          "N" : 0
        },
        "bw_min" : 0,
        "bw_max" : 0,
        "bw_agg" : 0.000000,
        "bw_mean" : 0.000000,
        "bw_dev" : 0.000000,
        "bw_samples" : 0,
        "iops_min" : 0,
        "iops_max" : 0,
        "iops_mean" : 0.000000,
        "iops_stddev" : 0.000000,
        "iops_samples" : 0
      },
      "sync" : {
        "total_ios" : 0,
        "lat_ns" : {
          "min" : 0,
          "max" : 0,
          "mean" : 0.000000,
          "stddev" : 0.000000,
          "N" : 0
        }
      },
      "job_runtime" : 30116,
      "usr_cpu" : 0.258999,
      "sys_cpu" : 7.358215,
      "ctx" : 3847,
      "majf" : 0,
      "minf" : 1,
      "iodepth_level" : {
        "1" : 0.100000,
        "2" : 0.100000,
        "4" : 0.100000,
        "8" : 0.100000,
        "16" : 99.986063,
        "32" : 0.000000,
        ">=64" : 0.000000
      },
      "iodepth_submit" : {
        "0" : 0.000000,
        "4" : 100.000000,
        "8" : 0.000000,
        "16" : 0.000000,
        "32" : 0.000000,
        "64" : 0.000000,
        ">=64" : 0.000000
      },
      "iodepth_complete" : {
        "0" : 0.000000,
        "4" : 99.999071,
        "8" : 0.000000,
        "16" : 0.100000,
        "32" : 0.000000,
        "64" : 0.000000,
        ">=64" : 0.000000
      },
      "latency_ns" : {
        "2" : 0.000000,
        "4" : 0.000000,
        "10" : 0.000000,
        "20" : 0.000000,
        "50" : 0.000000,
        "100" : 0.000000,
        "250" : 0.000000,
        "500" : 0.000000,
        "750" : 0.000000,
        "1000" : 0.000000
      },
      "latency_us" : {
        "2" : 0.000000,
        "4" : 0.000000,
        "10" : 0.021371,
        "20" : 0.027875,
        "50" : 0.129153,
        "100" : 0.700587,
        "250" : 20.179514,
        "500" : 69.093325,
        "750" : 6.616554,
        "1000" : 1.827659
      },
      "latency_ms" : {
        "2" : 0.301048,
        "4" : 0.010000,
        "10" : 0.000000,
        "20" : 0.000000,
        "50" : 0.128224,
        "100" : 0.199770,
        "250" : 0.424626,
        "500" : 0.019512,
        "750" : 0.019512,
        "1000" : 0.144020,
        "2000" : 0.163532,
        ">=2000" : 0.000000
      },
      "latency_depth" : 16,
      "latency_target" : 0,
      "latency_percentile" : 100.000000,
      "latency_window" : 0
    }
  ],
  "disk_util" : [
    {
      "name" : "sda",
      "read_ios" : 35,
      "write_ios" : 106253,
      "read_merges" : 0,
      "write_merges" : 0,
      "read_ticks" : 11,
      "write_ticks" : 454596,
      "in_queue" : 454607,
      "util" : 99.426820
    }
  ]
}
