{
  "fio version" : "fio-3.33",
  "timestamp" : 1727437826,
  "timestamp_ms" : 1727437826350,
  "time" : "Fri Sep 27 18:50:26 2024",
  "jobs" : [
    {
      "jobname" : "file",
      "groupid" : 0,
      "error" : 0,
      "eta" : 0,
      "elapsed" : 31,
      "job options" : {
        "rw" : "randrw",
        "size" : "80%",
        "rwmixread" : "0",
        "bs" : "512k",
        "ioengine" : "libaio",
        "iodepth" : "16",
        "direct" : "1",
        "runtime" : "30",
        "numjobs" : "1",
        "filename" : "/dev/sda"
      },
      "read" : {
        "io_bytes" : 0,
        "io_kbytes" : 0,
        "bw_bytes" : 0,
        "bw" : 0,
        "iops" : 0.000000,
        "runtime" : 0,
        "total_ios" : 0,
        "short_ios" : 0,
        "drop_ios" : 0,
        "slat_ns" : {
          "min" : 0,
          "max" : 0,
          "mean" : 0.000000,
          "stddev" : 0.000000,
          "N" : 0
        },
        "clat_ns" : {
          "min" : 0,
          "max" : 0,
          "mean" : 0.000000,
          "stddev" : 0.000000,
          "N" : 0
        },
        "lat_ns" : {
          "min" : 0,
          "max" : 0,
          "mean" : 0.000000,
          "stddev" : 0.000000,
          "N" : 0
        },
        "bw_min" : 0,
        "bw_max" : 0,
        "bw_agg" : 0.000000,
        "bw_mean" : 0.000000,
        "bw_dev" : 0.000000,
        "bw_samples" : 0,
        "iops_min" : 0,
        "iops_max" : 0,
        "iops_mean" : 0.000000,
        "iops_stddev" : 0.000000,
        "iops_samples" : 0
      },
      "write" : {
        "io_bytes" : 690487296,
        "io_kbytes" : 674304,
        "bw_bytes" : 22844150,
        "bw" : 22308,
        "iops" : 43.571759,
        "runtime" : 30226,
        "total_ios" : 1317,
        "short_ios" : 0,
        "drop_ios" : 0,
        "slat_ns" : {
          "min" : 9047,
          "max" : 687957,
          "mean" : 47370.671222,
          "stddev" : 55062.380765,
          "N" : 1317
        },
        "clat_ns" : {
          "min" : 320042,
          "max" : 4511942832,
          "mean" : 365840975.330296,
          "stddev" : 723813954.057230,
          "N" : 1317,
          "percentile" : {
            "1.000000" : 12255232,
            "5.000000" : 19529728,
            "10.000000" : 27131904,
            "20.000000" : 49020928,
            "30.000000" : 64225280,
            "40.000000" : 76021760,
            "50.000000" : 88604672,
            "60.000000" : 137363456,
            "70.000000" : 170917888,
            "80.000000" : 278921216,
            "90.000000" : 1132462080,
            "95.000000" : 2164260864,
            "99.000000" : 4009754624,
            "99.500000" : 4211081216,
            "99.900000" : 4395630592,
            "99.950000" : 4529848320,
            "99.990000" : 4529848320
          }
        },
        "lat_ns" : {
          "min" : 351690,
          "max" : 4512020294,
          "mean" : 365888346.001519,
          "stddev" : 723815033.125910,
          "N" : 1317
        },
        "bw_min" : 1021,
        "bw_max" : 158087,
        "bw_agg" : 100.000000,
        "bw_mean" : 27736.854167,
        "bw_dev" : 39968.507790,
        "bw_samples" : 48,
        "iops_min" : 1,
        "iops_max" : 308,
        "iops_mean" : 53.791667,
        "iops_stddev" : 78.079326,
        "iops_samples" : 48
      },
      "trim" : {
        "io_bytes" : 0,
        "io_kbytes" : 0,
        "bw_bytes" : 0,
        "bw" : 0,
        "iops" : 0.000000,
        "runtime" : 0,
        "total_ios" : 0,
        "short_ios" : 0,
        "drop_ios" : 0,
        "slat_ns" : {
          "min" : 0,
          "max" : 0,
          "mean" : 0.000000,
          "stddev" : 0.000000,
          "N" : 0
        },
        "clat_ns" : {
          "min" : 0,
          "max" : 0,
          "mean" : 0.000000,
          "stddev" : 0.000000,
          "N" : 0
        },
        "lat_ns" : {
          "min" : 0,
          "max" : 0,
          "mean" : 0.000000,
          "stddev" : 0.000000,
          "N" : 0
        },
        "bw_min" : 0,
        "bw_max" : 0,
        "bw_agg" : 0.000000,
        "bw_mean" : 0.000000,
        "bw_dev" : 0.000000,
        "bw_samples" : 0,
        "iops_min" : 0,
        "iops_max" : 0,
        "iops_mean" : 0.000000,
        "iops_stddev" : 0.000000,
        "iops_samples" : 0
      },
      "sync" : {
        "total_ios" : 0,
        "lat_ns" : {
          "min" : 0,
          "max" : 0,
          "mean" : 0.000000,
          "stddev" : 0.000000,
          "N" : 0
        }
      },
      "job_runtime" : 30225,
      "usr_cpu" : 0.013234,
      "sys_cpu" : 0.258065,
      "ctx" : 871,
      "majf" : 0,
      "minf" : 1,
      "iodepth_level" : {
        "1" : 0.100000,
        "2" : 0.151860,
        "4" : 0.303721,
        "8" : 0.607441,
        "16" : 98.861048,
        "32" : 0.000000,
        ">=64" : 0.000000
      },
      "iodepth_submit" : {
        "0" : 0.000000,
        "4" : 100.000000,
        "8" : 0.000000,
        "16" : 0.000000,
        "32" : 0.000000,
        "64" : 0.000000,
        ">=64" : 0.000000
      },
      "iodepth_complete" : {
        "0" : 0.000000,
        "4" : 99.923254,
        "8" : 0.000000,
        "16" : 0.100000,
        "32" : 0.000000,
        "64" : 0.000000,
        ">=64" : 0.000000
      },
      "latency_ns" : {
        "2" : 0.000000,
        "4" : 0.000000,
        "10" : 0.000000,
        "20" : 0.000000,
        "50" : 0.000000,
        "100" : 0.000000,
        "250" : 0.000000,
        "500" : 0.000000,
        "750" : 0.000000,
        "1000" : 0.000000
      },
      "latency_us" : {
        "2" : 0.000000,
        "4" : 0.000000,
        "10" : 0.000000,
        "20" : 0.000000,
        "50" : 0.000000,
        "100" : 0.000000,
        "250" : 0.000000,
        "500" : 0.227790,
        "750" : 0.075930,
        "1000" : 0.000000
      },
      "latency_ms" : {
        "2" : 0.379651,
        "4" : 0.000000,
        "10" : 0.151860,
        "20" : 4.328018,
        "50" : 15.413819,
        "100" : 34.320425,
        "250" : 23.614275,
        "500" : 5.466970,
        "750" : 0.683371,
        "1000" : 2.581625,
        "2000" : 7.517084,
        ">=2000" : 5.239180
      },
      "latency_depth" : 16,
      "latency_target" : 0,
      "latency_percentile" : 100.000000,
      "latency_window" : 0
    }
  ],
  "disk_util" : [
    {
      "name" : "sda",
      "read_ios" : 51,
      "write_ios" : 1308,
      "read_merges" : 0,
      "write_merges" : 0,
      "read_ticks" : 16768,
      "write_ticks" : 471994,
      "in_queue" : 488761,
      "util" : 100.000000
    }
  ]
}
