{
  "fio version" : "fio-3.33",
  "timestamp" : 1727437725,
  "timestamp_ms" : 1727437725033,
  "time" : "Fri Sep 27 18:48:45 2024",
  "jobs" : [
    {
      "jobname" : "file",
      "groupid" : 0,
      "error" : 0,
      "eta" : 0,
      "elapsed" : 31,
      "job options" : {
        "rw" : "randrw",
        "size" : "80%",
        "rwmixread" : "0",
        "bs" : "64k",
        "ioengine" : "libaio",
        "iodepth" : "16",
        "direct" : "1",
        "runtime" : "30",
        "numjobs" : "1",
        "filename" : "/dev/sda"
      },
      "read" : {
        "io_bytes" : 0,
        "io_kbytes" : 0,
        "bw_bytes" : 0,
        "bw" : 0,
        "iops" : 0.000000,
        "runtime" : 0,
        "total_ios" : 0,
        "short_ios" : 0,
        "drop_ios" : 0,
        "slat_ns" : {
          "min" : 0,
          "max" : 0,
          "mean" : 0.000000,
          "stddev" : 0.000000,
          "N" : 0
        },
        "clat_ns" : {
          "min" : 0,
          "max" : 0,
          "mean" : 0.000000,
          "stddev" : 0.000000,
          "N" : 0
        },
        "lat_ns" : {
          "min" : 0,
          "max" : 0,
          "mean" : 0.000000,
          "stddev" : 0.000000,
          "N" : 0
        },
        "bw_min" : 0,
        "bw_max" : 0,
        "bw_agg" : 0.000000,
        "bw_mean" : 0.000000,
        "bw_dev" : 0.000000,
        "bw_samples" : 0,
        "iops_min" : 0,
        "iops_max" : 0,
        "iops_mean" : 0.000000,
        "iops_stddev" : 0.000000,
        "iops_samples" : 0
      },
      "write" : {
        "io_bytes" : 793968640,
        "io_kbytes" : 775360,
        "bw_bytes" : 25940753,
        "bw" : 25332,
        "iops" : 395.824485,
        "runtime" : 30607,
        "total_ios" : 12115,
        "short_ios" : 0,
        "drop_ios" : 0,
        "slat_ns" : {
          "min" : 8537,
          "max" : 567980,
          "mean" : 27837.626331,
          "stddev" : 34214.972549,
          "N" : 12115
        },
        "clat_ns" : {
          "min" : 14005,
          "max" : 5184818066,
          "mean" : 40348158.092365,
          "stddev" : 232296745.729477,
          "N" : 12115,
          "percentile" : {
            "1.000000" : 46336,
            "5.000000" : 60160,
            "10.000000" : 72192,
            "20.000000" : 98816,
            "30.000000" : 132096,
            "40.000000" : 177152,
            "50.000000" : 240640,
            "60.000000" : 333824,
            "70.000000" : 602112,
            "80.000000" : 33816576,
            "90.000000" : 49020928,
            "95.000000" : 74973184,
            "99.000000" : 952107008,
            "99.500000" : 1149239296,
            "99.900000" : 3674210304,
            "99.950000" : 5066719232,
            "99.990000" : 5200936960
          }
        },
        "lat_ns" : {
          "min" : 52371,
          "max" : 5184860730,
          "mean" : 40375995.718696,
          "stddev" : 232297014.004582,
          "N" : 12115
        },
        "bw_min" : 128,
        "bw_max" : 100352,
        "bw_agg" : 100.000000,
        "bw_mean" : 29204.415094,
        "bw_dev" : 32137.107909,
        "bw_samples" : 53,
        "iops_min" : 2,
        "iops_max" : 1568,
        "iops_mean" : 456.132075,
        "iops_stddev" : 502.193421,
        "iops_samples" : 53
      },
      "trim" : {
        "io_bytes" : 0,
        "io_kbytes" : 0,
        "bw_bytes" : 0,
        "bw" : 0,
        "iops" : 0.000000,
        "runtime" : 0,
        "total_ios" : 0,
        "short_ios" : 0,
        "drop_ios" : 0,
        "slat_ns" : {
          "min" : 0,
          "max" : 0,
          "mean" : 0.000000,
          "stddev" : 0.000000,
          "N" : 0
        },
        "clat_ns" : {
          "min" : 0,
          "max" : 0,
          "mean" : 0.000000,
          "stddev" : 0.000000,
          "N" : 0
        },
        "lat_ns" : {
          "min" : 0,
          "max" : 0,
          "mean" : 0.000000,
          "stddev" : 0.000000,
          "N" : 0
        },
        "bw_min" : 0,
        "bw_max" : 0,
        "bw_agg" : 0.000000,
        "bw_mean" : 0.000000,
        "bw_dev" : 0.000000,
        "bw_samples" : 0,
        "iops_min" : 0,
        "iops_max" : 0,
        "iops_mean" : 0.000000,
        "iops_stddev" : 0.000000,
        "iops_samples" : 0
      },
      "sync" : {
        "total_ios" : 0,
        "lat_ns" : {
          "min" : 0,
          "max" : 0,
          "mean" : 0.000000,
          "stddev" : 0.000000,
          "N" : 0
        }
      },
      "job_runtime" : 30606,
      "usr_cpu" : 0.111089,
      "sys_cpu" : 1.221983,
      "ctx" : 4571,
      "majf" : 0,
      "minf" : 1,
      "iodepth_level" : {
        "1" : 0.100000,
        "2" : 0.100000,
        "4" : 0.100000,
        "8" : 0.100000,
        "16" : 99.876187,
        "32" : 0.000000,
        ">=64" : 0.000000
      },
      "iodepth_submit" : {
        "0" : 0.000000,
        "4" : 100.000000,
        "8" : 0.000000,
        "16" : 0.000000,
        "32" : 0.000000,
        "64" : 0.000000,
        ">=64" : 0.000000
      },
      "iodepth_complete" : {
        "0" : 0.000000,
        "4" : 99.991736,
        "8" : 0.000000,
        "16" : 0.100000,
        "32" : 0.000000,
        "64" : 0.000000,
        ">=64" : 0.000000
      },
      "latency_ns" : {
        "2" : 0.000000,
        "4" : 0.000000,
        "10" : 0.000000,
        "20" : 0.000000,
        "50" : 0.000000,
        "100" : 0.000000,
        "250" : 0.000000,
        "500" : 0.000000,
        "750" : 0.000000,
        "1000" : 0.000000
      },
      "latency_us" : {
        "2" : 0.000000,
        "4" : 0.000000,
        "10" : 0.000000,
        "20" : 0.024763,
        "50" : 1.180355,
        "100" : 19.050764,
        "250" : 31.060669,
        "500" : 16.236071,
        "750" : 3.978539,
        "1000" : 0.767643
      },
      "latency_ms" : {
        "2" : 0.255881,
        "4" : 0.016508,
        "10" : 0.090797,
        "20" : 0.222864,
        "50" : 17.498968,
        "100" : 5.233182,
        "250" : 1.551795,
        "500" : 0.693355,
        "750" : 0.610813,
        "1000" : 0.907965,
        "2000" : 0.396203,
        ">=2000" : 0.222864
      },
      "latency_depth" : 16,
      "latency_target" : 0,
      "latency_percentile" : 100.000000,
      "latency_window" : 0
    }
  ],
  "disk_util" : [
    {
      "name" : "sda",
      "read_ios" : 26,
      "write_ios" : 12103,
      "read_merges" : 0,
      "write_merges" : 0,
      "read_ticks" : 10,
      "write_ticks" : 479615,
      "in_queue" : 479625,
      "util" : 99.872228
    }
  ]
}
