{
  "fio version" : "fio-3.33",
  "timestamp" : 1727437632,
  "timestamp_ms" : 1727437632952,
  "time" : "Fri Sep 27 18:47:12 2024",
  "jobs" : [
    {
      "jobname" : "file",
      "groupid" : 0,
      "error" : 0,
      "eta" : 0,
      "elapsed" : 31,
      "job options" : {
        "rw" : "randrw",
        "size" : "80%",
        "rwmixread" : "0",
        "bs" : "8k",
        "ioengine" : "libaio",
        "iodepth" : "16",
        "direct" : "1",
        "runtime" : "30",
        "numjobs" : "1",
        "filename" : "/dev/sda"
      },
      "read" : {
        "io_bytes" : 0,
        "io_kbytes" : 0,
        "bw_bytes" : 0,
        "bw" : 0,
        "iops" : 0.000000,
        "runtime" : 0,
        "total_ios" : 0,
        "short_ios" : 0,
        "drop_ios" : 0,
        "slat_ns" : {
          "min" : 0,
          "max" : 0,
          "mean" : 0.000000,
          "stddev" : 0.000000,
          "N" : 0
        },
        "clat_ns" : {
          "min" : 0,
          "max" : 0,
          "mean" : 0.000000,
          "stddev" : 0.000000,
          "N" : 0
        },
        "lat_ns" : {
          "min" : 0,
          "max" : 0,
          "mean" : 0.000000,
          "stddev" : 0.000000,
          "N" : 0
        },
        "bw_min" : 0,
        "bw_max" : 0,
        "bw_agg" : 0.000000,
        "bw_mean" : 0.000000,
        "bw_dev" : 0.000000,
        "bw_samples" : 0,
        "iops_min" : 0,
        "iops_max" : 0,
        "iops_mean" : 0.000000,
        "iops_stddev" : 0.000000,
        "iops_samples" : 0
      },
      "write" : {
        "io_bytes" : 423559168,
        "io_kbytes" : 413632,
        "bw_bytes" : 14066125,
        "bw" : 13736,
        "iops" : 1717.056323,
        "runtime" : 30112,
        "total_ios" : 51704,
        "short_ios" : 0,
        "drop_ios" : 0,
        "slat_ns" : {
          "min" : 6627,
          "max" : 1346960,
          "mean" : 16909.380531,
          "stddev" : 15897.845196,
          "N" : 51704
        },
        "clat_ns" : {
          "min" : 1180,
          "max" : 2227444951,
          "mean" : 9300411.678497,
          "stddev" : 87908906.305065,
          "N" : 51704,
          "percentile" : {
            "1.000000" : 30336,
            "5.000000" : 55552,
            "10.000000" : 97792,
            "20.000000" : 211968,
            "30.000000" : 242688,
            "40.000000" : 257024,
            "50.000000" : 276480,
            "60.000000" : 301056,
            "70.000000" : 329728,
            "80.000000" : 362496,
            "90.000000" : 428032,
            "95.000000" : 569344,
            "99.000000" : 179306496,
            "99.500000" : 650117120,
            "99.900000" : 1149239296,
            "99.950000" : 1400897536,
            "99.990000" : 2231369728
          }
        },
        "lat_ns" : {
          "min" : 36747,
          "max" : 2227452998,
          "mean" : 9317321.059028,
          "stddev" : 87908330.421396,
          "N" : 51704
        },
        "bw_min" : 3960,
        "bw_max" : 71392,
        "bw_agg" : 100.000000,
        "bw_mean" : 20148.439024,
        "bw_dev" : 18079.511534,
        "bw_samples" : 41,
        "iops_min" : 495,
        "iops_max" : 8924,
        "iops_mean" : 2518.317073,
        "iops_stddev" : 2259.980237,
        "iops_samples" : 41
      },
      "trim" : {
        "io_bytes" : 0,
        "io_kbytes" : 0,
        "bw_bytes" : 0,
        "bw" : 0,
        "iops" : 0.000000,
        "runtime" : 0,
        "total_ios" : 0,
        "short_ios" : 0,
        "drop_ios" : 0,
        "slat_ns" : {
          "min" : 0,
          "max" : 0,
          "mean" : 0.000000,
          "stddev" : 0.000000,
          "N" : 0
        },
        "clat_ns" : {
          "min" : 0,
          "max" : 0,
          "mean" : 0.000000,
          "stddev" : 0.000000,
          "N" : 0
        },
        "lat_ns" : {
          "min" : 0,
          "max" : 0,
          "mean" : 0.000000,
          "stddev" : 0.000000,
          "N" : 0
        },
        "bw_min" : 0,
        "bw_max" : 0,
        "bw_agg" : 0.000000,
        "bw_mean" : 0.000000,
        "bw_dev" : 0.000000,
        "bw_samples" : 0,
        "iops_min" : 0,
        "iops_max" : 0,
        "iops_mean" : 0.000000,
        "iops_stddev" : 0.000000,
        "iops_samples" : 0
      },
      "sync" : {
        "total_ios" : 0,
        "lat_ns" : {
          "min" : 0,
          "max" : 0,
          "mean" : 0.000000,
          "stddev" : 0.000000,
          "N" : 0
        }
      },
      "job_runtime" : 30111,
      "usr_cpu" : 0.112916,
      "sys_cpu" : 3.158314,
      "ctx" : 3842,
      "majf" : 0,
      "minf" : 1,
      "iodepth_level" : {
        "1" : 0.100000,
        "2" : 0.100000,
        "4" : 0.100000,
        "8" : 0.100000,
        "16" : 99.970989,
        "32" : 0.000000,
        ">=64" : 0.000000
      },
      "iodepth_submit" : {
        "0" : 0.000000,
        "4" : 100.000000,
        "8" : 0.000000,
        "16" : 0.000000,
        "32" : 0.000000,
        "64" : 0.000000,
        ">=64" : 0.000000
      },
      "iodepth_complete" : {
        "0" : 0.000000,
        "4" : 99.998065,
        "8" : 0.000000,
        "16" : 0.100000,
        "32" : 0.000000,
        "64" : 0.000000,
        ">=64" : 0.000000
      },
      "latency_ns" : {
        "2" : 0.000000,
        "4" : 0.000000,
        "10" : 0.000000,
        "20" : 0.000000,
        "50" : 0.000000,
        "100" : 0.000000,
        "250" : 0.000000,
        "500" : 0.000000,
        "750" : 0.000000,
        "1000" : 0.000000
      },
      "latency_us" : {
        "2" : 0.010000,
        "4" : 0.000000,
        "10" : 0.330729,
        "20" : 0.388751,
        "50" : 3.402058,
        "100" : 6.018877,
        "250" : 25.398422,
        "500" : 57.776961,
        "750" : 3.061659,
        "1000" : 0.686601
      },
      "latency_ms" : {
        "2" : 0.154727,
        "4" : 0.000000,
        "10" : 0.000000,
        "20" : 0.276574,
        "50" : 0.605369,
        "100" : 0.322992,
        "250" : 0.651787,
        "500" : 0.224354,
        "750" : 0.286245,
        "1000" : 0.030945,
        "2000" : 0.348136,
        ">=2000" : 0.030945
      },
      "latency_depth" : 16,
      "latency_target" : 0,
      "latency_percentile" : 100.000000,
      "latency_window" : 0
    }
  ],
  "disk_util" : [
    {
      "name" : "sda",
      "read_ios" : 48,
      "write_ios" : 51604,
      "read_merges" : 0,
      "write_merges" : 0,
      "read_ticks" : 12,
      "write_ticks" : 471019,
      "in_queue" : 471031,
      "util" : 99.746531
    }
  ]
}
