{
  "fio version" : "fio-3.33",
  "timestamp" : 1727436299,
  "timestamp_ms" : 1727436299451,
  "time" : "Fri Sep 27 18:24:59 2024",
  "jobs" : [
    {
      "jobname" : "file",
      "groupid" : 0,
      "error" : 0,
      "eta" : 0,
      "elapsed" : 31,
      "job options" : {
        "rw" : "randrw",
        "size" : "80%",
        "rwmixread" : "50",
        "bs" : "1024k",
        "ioengine" : "libaio",
        "iodepth" : "16",
        "direct" : "1",
        "runtime" : "30",
        "numjobs" : "1",
        "filename" : "/dev/sda"
      },
      "read" : {
        "io_bytes" : 1388314624,
        "io_kbytes" : 1355776,
        "bw_bytes" : 46126474,
        "bw" : 45045,
        "iops" : 43.989634,
        "runtime" : 30098,
        "total_ios" : 1324,
        "short_ios" : 0,
        "drop_ios" : 0,
        "slat_ns" : {
          "min" : 16424,
          "max" : 691348,
          "mean" : 56535.179003,
          "stddev" : 66570.194376,
          "N" : 1324
        },
        "clat_ns" : {
          "min" : 4348428,
          "max" : 1341669192,
          "mean" : 185253339.386707,
          "stddev" : 237673282.530756,
          "N" : 1324,
          "percentile" : {
            "1.000000" : 49545216,
            "5.000000" : 58982400,
            "10.000000" : 63700992,
            "20.000000" : 71827456,
            "30.000000" : 81264640,
            "40.000000" : 93847552,
            "50.000000" : 112721920,
            "60.000000" : 139460608,
            "70.000000" : 156237824,
            "80.000000" : 191889408,
            "90.000000" : 291504128,
            "95.000000" : 1019215872,
            "99.000000" : 1166016512,
            "99.500000" : 1216348160,
            "99.900000" : 1317011456,
            "99.950000" : 1333788672,
            "99.990000" : 1333788672
          }
        },
        "lat_ns" : {
          "min" : 4467394,
          "max" : 1341699271,
          "mean" : 185309874.565710,
          "stddev" : 237671964.912333,
          "N" : 1324
        },
        "bw_min" : 2048,
        "bw_max" : 143073,
        "bw_agg" : 100.000000,
        "bw_mean" : 51677.557692,
        "bw_dev" : 34386.354169,
        "bw_samples" : 52,
        "iops_min" : 2,
        "iops_max" : 139,
        "iops_mean" : 50.057692,
        "iops_stddev" : 33.477188,
        "iops_samples" : 52
      },
      "write" : {
        "io_bytes" : 1454374912,
        "io_kbytes" : 1420288,
        "bw_bytes" : 48321314,
        "bw" : 47188,
        "iops" : 46.082796,
        "runtime" : 30098,
        "total_ios" : 1387,
        "short_ios" : 0,
        "drop_ios" : 0,
        "slat_ns" : {
          "min" : 16804,
          "max" : 1389357,
          "mean" : 67199.235761,
          "stddev" : 82090.228608,
          "N" : 1387
        },
        "clat_ns" : {
          "min" : 11986788,
          "max" : 1373352471,
          "mean" : 170158638.397260,
          "stddev" : 241161218.950066,
          "N" : 1387,
          "percentile" : {
            "1.000000" : 34865152,
            "5.000000" : 43778048,
            "10.000000" : 51118080,
            "20.000000" : 60030976,
            "30.000000" : 69730304,
            "40.000000" : 81264640,
            "50.000000" : 98041856,
            "60.000000" : 117964800,
            "70.000000" : 139460608,
            "80.000000" : 166723584,
            "90.000000" : 263192576,
            "95.000000" : 977272832,
            "99.000000" : 1216348160,
            "99.500000" : 1266679808,
            "99.900000" : 1367343104,
            "99.950000" : 1367343104,
            "99.990000" : 1367343104
          }
        },
        "lat_ns" : {
          "min" : 12015698,
          "max" : 1373491790,
          "mean" : 170225837.633021,
          "stddev" : 241160313.008681,
          "N" : 1387
        },
        "bw_min" : 2048,
        "bw_max" : 132854,
        "bw_agg" : 100.000000,
        "bw_mean" : 53327.320755,
        "bw_dev" : 33102.210477,
        "bw_samples" : 53,
        "iops_min" : 2,
        "iops_max" : 129,
        "iops_mean" : 51.679245,
        "iops_stddev" : 32.188014,
        "iops_samples" : 53
      },
      "trim" : {
        "io_bytes" : 0,
        "io_kbytes" : 0,
        "bw_bytes" : 0,
        "bw" : 0,
        "iops" : 0.000000,
        "runtime" : 0,
        "total_ios" : 0,
        "short_ios" : 0,
        "drop_ios" : 0,
        "slat_ns" : {
          "min" : 0,
          "max" : 0,
          "mean" : 0.000000,
          "stddev" : 0.000000,
          "N" : 0
        },
        "clat_ns" : {
          "min" : 0,
          "max" : 0,
          "mean" : 0.000000,
          "stddev" : 0.000000,
          "N" : 0
        },
        "lat_ns" : {
          "min" : 0,
          "max" : 0,
          "mean" : 0.000000,
          "stddev" : 0.000000,
          "N" : 0
        },
        "bw_min" : 0,
        "bw_max" : 0,
        "bw_agg" : 0.000000,
        "bw_mean" : 0.000000,
        "bw_dev" : 0.000000,
        "bw_samples" : 0,
        "iops_min" : 0,
        "iops_max" : 0,
        "iops_mean" : 0.000000,
        "iops_stddev" : 0.000000,
        "iops_samples" : 0
      },
      "sync" : {
        "total_ios" : 0,
        "lat_ns" : {
          "min" : 0,
          "max" : 0,
          "mean" : 0.000000,
          "stddev" : 0.000000,
          "N" : 0
        }
      },
      "job_runtime" : 30097,
      "usr_cpu" : 0.046516,
      "sys_cpu" : 0.531614,
      "ctx" : 3261,
      "majf" : 0,
      "minf" : 1,
      "iodepth_level" : {
        "1" : 0.100000,
        "2" : 0.100000,
        "4" : 0.147547,
        "8" : 0.295094,
        "16" : 99.446699,
        "32" : 0.000000,
        ">=64" : 0.000000
      },
      "iodepth_submit" : {
        "0" : 0.000000,
        "4" : 100.000000,
        "8" : 0.000000,
        "16" : 0.000000,
        "32" : 0.000000,
        "64" : 0.000000,
        ">=64" : 0.000000
      },
      "iodepth_complete" : {
        "0" : 0.000000,
        "4" : 99.962922,
        "8" : 0.000000,
        "16" : 0.100000,
        "32" : 0.000000,
        "64" : 0.000000,
        ">=64" : 0.000000
      },
      "latency_ns" : {
        "2" : 0.000000,
        "4" : 0.000000,
        "10" : 0.000000,
        "20" : 0.000000,
        "50" : 0.000000,
        "100" : 0.000000,
        "250" : 0.000000,
        "500" : 0.000000,
        "750" : 0.000000,
        "1000" : 0.000000
      },
      "latency_us" : {
        "2" : 0.000000,
        "4" : 0.000000,
        "10" : 0.000000,
        "20" : 0.000000,
        "50" : 0.000000,
        "100" : 0.000000,
        "250" : 0.000000,
        "500" : 0.000000,
        "750" : 0.000000,
        "1000" : 0.000000
      },
      "latency_ms" : {
        "2" : 0.000000,
        "4" : 0.000000,
        "10" : 0.073774,
        "20" : 0.110660,
        "50" : 5.053486,
        "100" : 42.124677,
        "250" : 40.944301,
        "500" : 5.569900,
        "750" : 0.331981,
        "1000" : 0.774622,
        "2000" : 5.016599,
        ">=2000" : 0.000000
      },
      "latency_depth" : 16,
      "latency_target" : 0,
      "latency_percentile" : 100.000000,
      "latency_window" : 0
    }
  ],
  "disk_util" : [
    {
      "name" : "sda",
      "read_ios" : 1527,
      "write_ios" : 1555,
      "read_merges" : 0,
      "write_merges" : 0,
      "read_ticks" : 275361,
      "write_ticks" : 255444,
      "in_queue" : 530804,
      "util" : 99.886553
    }
  ]
}
