{
  "fio version" : "fio-3.33",
  "timestamp" : 1727436205,
  "timestamp_ms" : 1727436205113,
  "time" : "Fri Sep 27 18:23:25 2024",
  "jobs" : [
    {
      "jobname" : "file",
      "groupid" : 0,
      "error" : 0,
      "eta" : 0,
      "elapsed" : 31,
      "job options" : {
        "rw" : "randrw",
        "size" : "80%",
        "rwmixread" : "50",
        "bs" : "128k",
        "ioengine" : "libaio",
        "iodepth" : "16",
        "direct" : "1",
        "runtime" : "30",
        "numjobs" : "1",
        "filename" : "/dev/sda"
      },
      "read" : {
        "io_bytes" : 617349120,
        "io_kbytes" : 602880,
        "bw_bytes" : 20086845,
        "bw" : 19616,
        "iops" : 153.250472,
        "runtime" : 30734,
        "total_ios" : 4710,
        "short_ios" : 0,
        "drop_ios" : 0,
        "slat_ns" : {
          "min" : 10456,
          "max" : 734718,
          "mean" : 27197.040127,
          "stddev" : 21694.260378,
          "N" : 4710
        },
        "clat_ns" : {
          "min" : 982385,
          "max" : 2556303904,
          "mean" : 101514515.653078,
          "stddev" : 243867223.131311,
          "N" : 4710,
          "percentile" : {
            "1.000000" : 7438336,
            "5.000000" : 11337728,
            "10.000000" : 12648448,
            "20.000000" : 16056320,
            "30.000000" : 21102592,
            "40.000000" : 22675456,
            "50.000000" : 23986176,
            "60.000000" : 25559040,
            "70.000000" : 30539776,
            "80.000000" : 77070336,
            "90.000000" : 283115520,
            "95.000000" : 446693376,
            "99.000000" : 1400897536,
            "99.500000" : 1753219072,
            "99.900000" : 2264924160,
            "99.950000" : 2264924160,
            "99.990000" : 2566914048
          }
        },
        "lat_ns" : {
          "min" : 1005836,
          "max" : 2556337032,
          "mean" : 101541712.693206,
          "stddev" : 243867047.960382,
          "N" : 4710
        },
        "bw_min" : 256,
        "bw_max" : 99896,
        "bw_agg" : 100.000000,
        "bw_mean" : 23531.549020,
        "bw_dev" : 30268.732132,
        "bw_samples" : 51,
        "iops_min" : 2,
        "iops_max" : 780,
        "iops_mean" : 183.509804,
        "iops_stddev" : 236.537978,
        "iops_samples" : 51
      },
      "write" : {
        "io_bytes" : 626130944,
        "io_kbytes" : 611456,
        "bw_bytes" : 20372582,
        "bw" : 19895,
        "iops" : 155.430468,
        "runtime" : 30734,
        "total_ios" : 4777,
        "short_ios" : 0,
        "drop_ios" : 0,
        "slat_ns" : {
          "min" : 6708,
          "max" : 304577,
          "mean" : 21765.558300,
          "stddev" : 15234.204387,
          "N" : 4777
        },
        "clat_ns" : {
          "min" : 1200,
          "max" : 827431082,
          "mean" : 2676978.027842,
          "stddev" : 24901593.969761,
          "N" : 4777,
          "percentile" : {
            "1.000000" : 46848,
            "5.000000" : 54016,
            "10.000000" : 60672,
            "20.000000" : 63744,
            "30.000000" : 67072,
            "40.000000" : 71168,
            "50.000000" : 76288,
            "60.000000" : 83456,
            "70.000000" : 93696,
            "80.000000" : 107008,
            "90.000000" : 144384,
            "95.000000" : 268288,
            "99.000000" : 35389440,
            "99.500000" : 217055232,
            "99.900000" : 346030080,
            "99.950000" : 425721856,
            "99.990000" : 826277888
          }
        },
        "lat_ns" : {
          "min" : 56099,
          "max" : 827455123,
          "mean" : 2698743.586142,
          "stddev" : 24901928.791783,
          "N" : 4777
        },
        "bw_min" : 256,
        "bw_max" : 101888,
        "bw_agg" : 100.000000,
        "bw_mean" : 24421.100000,
        "bw_dev" : 31161.044530,
        "bw_samples" : 50,
        "iops_min" : 2,
        "iops_max" : 796,
        "iops_mean" : 190.440000,
        "iops_stddev" : 243.513580,
        "iops_samples" : 50
      },
      "trim" : {
        "io_bytes" : 0,
        "io_kbytes" : 0,
        "bw_bytes" : 0,
        "bw" : 0,
        "iops" : 0.000000,
        "runtime" : 0,
        "total_ios" : 0,
        "short_ios" : 0,
        "drop_ios" : 0,
        "slat_ns" : {
          "min" : 0,
          "max" : 0,
          "mean" : 0.000000,
          "stddev" : 0.000000,
          "N" : 0
        },
        "clat_ns" : {
          "min" : 0,
          "max" : 0,
          "mean" : 0.000000,
          "stddev" : 0.000000,
          "N" : 0
        },
        "lat_ns" : {
          "min" : 0,
          "max" : 0,
          "mean" : 0.000000,
          "stddev" : 0.000000,
          "N" : 0
        },
        "bw_min" : 0,
        "bw_max" : 0,
        "bw_agg" : 0.000000,
        "bw_mean" : 0.000000,
        "bw_dev" : 0.000000,
        "bw_samples" : 0,
        "iops_min" : 0,
        "iops_max" : 0,
        "iops_mean" : 0.000000,
        "iops_stddev" : 0.000000,
        "iops_samples" : 0
      },
      "sync" : {
        "total_ios" : 0,
        "lat_ns" : {
          "min" : 0,
          "max" : 0,
          "mean" : 0.000000,
          "stddev" : 0.000000,
          "N" : 0
        }
      },
      "job_runtime" : 30733,
      "usr_cpu" : 0.091107,
      "sys_cpu" : 0.784173,
      "ctx" : 13646,
      "majf" : 0,
      "minf" : 1,
      "iodepth_level" : {
        "1" : 0.100000,
        "2" : 0.100000,
        "4" : 0.100000,
        "8" : 0.100000,
        "16" : 99.841889,
        "32" : 0.000000,
        ">=64" : 0.000000
      },
      "iodepth_submit" : {
        "0" : 0.000000,
        "4" : 100.000000,
        "8" : 0.000000,
        "16" : 0.000000,
        "32" : 0.000000,
        "64" : 0.000000,
        ">=64" : 0.000000
      },
      "iodepth_complete" : {
        "0" : 0.000000,
        "4" : 99.989444,
        "8" : 0.000000,
        "16" : 0.100000,
        "32" : 0.000000,
        "64" : 0.000000,
        ">=64" : 0.000000
      },
      "latency_ns" : {
        "2" : 0.000000,
        "4" : 0.000000,
        "10" : 0.000000,
        "20" : 0.000000,
        "50" : 0.000000,
        "100" : 0.000000,
        "250" : 0.000000,
        "500" : 0.000000,
        "750" : 0.000000,
        "1000" : 0.000000
      },
      "latency_us" : {
        "2" : 0.021081,
        "4" : 0.000000,
        "10" : 0.000000,
        "20" : 0.010541,
        "50" : 1.517867,
        "100" : 36.544745,
        "250" : 9.549910,
        "500" : 0.832718,
        "750" : 0.189733,
        "1000" : 0.052704
      },
      "latency_ms" : {
        "2" : 0.031622,
        "4" : 0.179193,
        "10" : 0.642985,
        "20" : 11.394540,
        "50" : 27.658902,
        "100" : 1.855170,
        "250" : 4.005481,
        "500" : 3.077896,
        "750" : 1.296511,
        "1000" : 0.305681,
        "2000" : 0.621904,
        ">=2000" : 0.210815
      },
      "latency_depth" : 16,
      "latency_target" : 0,
      "latency_percentile" : 100.000000,
      "latency_window" : 0
    }
  ],
  "disk_util" : [
    {
      "name" : "sda",
      "read_ios" : 4792,
      "write_ios" : 4777,
      "read_merges" : 0,
      "write_merges" : 0,
      "read_ticks" : 476800,
      "write_ticks" : 12756,
      "in_queue" : 489556,
      "util" : 100.000000
    }
  ]
}
