{
  "fio version" : "fio-3.33",
  "timestamp" : 1727436112,
  "timestamp_ms" : 1727436112238,
  "time" : "Fri Sep 27 18:21:52 2024",
  "jobs" : [
    {
      "jobname" : "file",
      "groupid" : 0,
      "error" : 0,
      "eta" : 0,
      "elapsed" : 31,
      "job options" : {
        "rw" : "randrw",
        "size" : "80%",
        "rwmixread" : "50",
        "bs" : "16k",
        "ioengine" : "libaio",
        "iodepth" : "16",
        "direct" : "1",
        "runtime" : "30",
        "numjobs" : "1",
        "filename" : "/dev/sda"
      },
      "read" : {
        "io_bytes" : 337313792,
        "io_kbytes" : 329408,
        "bw_bytes" : 11239671,
        "bw" : 10976,
        "iops" : 686.015128,
        "runtime" : 30011,
        "total_ios" : 20588,
        "short_ios" : 0,
        "drop_ios" : 0,
        "slat_ns" : {
          "min" : 8067,
          "max" : 4202078,
          "mean" : 27995.742423,
          "stddev" : 49864.452294,
          "N" : 20588
        },
        "clat_ns" : {
          "min" : 454802,
          "max" : 887984458,
          "mean" : 23184806.689431,
          "stddev" : 59246351.134007,
          "N" : 20588,
          "percentile" : {
            "1.000000" : 8978432,
            "5.000000" : 10027008,
            "10.000000" : 10289152,
            "20.000000" : 10551296,
            "30.000000" : 10813440,
            "40.000000" : 10944512,
            "50.000000" : 10944512,
            "60.000000" : 11075584,
            "70.000000" : 11206656,
            "80.000000" : 12124160,
            "90.000000" : 42729472,
            "95.000000" : 48496640,
            "99.000000" : 312475648,
            "99.500000" : 400556032,
            "99.900000" : 675282944,
            "99.950000" : 876609536,
            "99.990000" : 884998144
          }
        },
        "lat_ns" : {
          "min" : 935123,
          "max" : 888008739,
          "mean" : 23212802.431853,
          "stddev" : 59246082.216489,
          "N" : 20588
        },
        "bw_min" : 95,
        "bw_max" : 18656,
        "bw_agg" : 100.000000,
        "bw_mean" : 11061.086207,
        "bw_dev" : 6638.525635,
        "bw_samples" : 58,
        "iops_min" : 5,
        "iops_max" : 1166,
        "iops_mean" : 691.189655,
        "iops_stddev" : 414.892100,
        "iops_samples" : 58
      },
      "write" : {
        "io_bytes" : 337559552,
        "io_kbytes" : 329648,
        "bw_bytes" : 11247860,
        "bw" : 10984,
        "iops" : 686.514945,
        "runtime" : 30011,
        "total_ios" : 20603,
        "short_ios" : 0,
        "drop_ios" : 0,
        "slat_ns" : {
          "min" : 7587,
          "max" : 1626197,
          "mean" : 20984.477794,
          "stddev" : 28953.435682,
          "N" : 20603
        },
        "clat_ns" : {
          "min" : 810,
          "max" : 20636432,
          "mean" : 83435.983789,
          "stddev" : 208550.564065,
          "N" : 20603,
          "percentile" : {
            "1.000000" : 31872,
            "5.000000" : 39168,
            "10.000000" : 46848,
            "20.000000" : 51456,
            "30.000000" : 55040,
            "40.000000" : 58624,
            "50.000000" : 63232,
            "60.000000" : 68096,
            "70.000000" : 74240,
            "80.000000" : 83456,
            "90.000000" : 107008,
            "95.000000" : 171008,
            "99.000000" : 395264,
            "99.500000" : 651264,
            "99.900000" : 2023424,
            "99.950000" : 2572288,
            "99.990000" : 8978432
          }
        },
        "lat_ns" : {
          "min" : 38676,
          "max" : 20651526,
          "mean" : 104420.461583,
          "stddev" : 211454.772938,
          "N" : 20603
        },
        "bw_min" : 159,
        "bw_max" : 19328,
        "bw_agg" : 100.000000,
        "bw_mean" : 11081.534483,
        "bw_dev" : 6624.808002,
        "bw_samples" : 58,
        "iops_min" : 9,
        "iops_max" : 1208,
        "iops_mean" : 692.482759,
        "iops_stddev" : 414.049927,
        "iops_samples" : 58
      },
      "trim" : {
        "io_bytes" : 0,
        "io_kbytes" : 0,
        "bw_bytes" : 0,
        "bw" : 0,
        "iops" : 0.000000,
        "runtime" : 0,
        "total_ios" : 0,
        "short_ios" : 0,
        "drop_ios" : 0,
        "slat_ns" : {
          "min" : 0,
          "max" : 0,
          "mean" : 0.000000,
          "stddev" : 0.000000,
          "N" : 0
        },
        "clat_ns" : {
          "min" : 0,
          "max" : 0,
          "mean" : 0.000000,
          "stddev" : 0.000000,
          "N" : 0
        },
        "lat_ns" : {
          "min" : 0,
          "max" : 0,
          "mean" : 0.000000,
          "stddev" : 0.000000,
          "N" : 0
        },
        "bw_min" : 0,
        "bw_max" : 0,
        "bw_agg" : 0.000000,
        "bw_mean" : 0.000000,
        "bw_dev" : 0.000000,
        "bw_samples" : 0,
        "iops_min" : 0,
        "iops_max" : 0,
        "iops_mean" : 0.000000,
        "iops_stddev" : 0.000000,
        "iops_samples" : 0
      },
      "sync" : {
        "total_ios" : 0,
        "lat_ns" : {
          "min" : 0,
          "max" : 0,
          "mean" : 0.000000,
          "stddev" : 0.000000,
          "N" : 0
        }
      },
      "job_runtime" : 30010,
      "usr_cpu" : 0.643119,
      "sys_cpu" : 3.162279,
      "ctx" : 60103,
      "majf" : 0,
      "minf" : 1,
      "iodepth_level" : {
        "1" : 0.100000,
        "2" : 0.100000,
        "4" : 0.100000,
        "8" : 0.100000,
        "16" : 99.963584,
        "32" : 0.000000,
        ">=64" : 0.000000
      },
      "iodepth_submit" : {
        "0" : 0.000000,
        "4" : 100.000000,
        "8" : 0.000000,
        "16" : 0.000000,
        "32" : 0.000000,
        "64" : 0.000000,
        ">=64" : 0.000000
      },
      "iodepth_complete" : {
        "0" : 0.000000,
        "4" : 99.997571,
        "8" : 0.000000,
        "16" : 0.100000,
        "32" : 0.000000,
        "64" : 0.000000,
        ">=64" : 0.000000
      },
      "latency_ns" : {
        "2" : 0.000000,
        "4" : 0.000000,
        "10" : 0.000000,
        "20" : 0.000000,
        "50" : 0.000000,
        "100" : 0.000000,
        "250" : 0.000000,
        "500" : 0.000000,
        "750" : 0.000000,
        "1000" : 0.010000
      },
      "latency_us" : {
        "2" : 0.036416,
        "4" : 0.021849,
        "10" : 0.010000,
        "20" : 0.014566,
        "50" : 8.329489,
        "100" : 35.842781,
        "250" : 4.697628,
        "500" : 0.704037,
        "750" : 0.160229,
        "1000" : 0.084970
      },
      "latency_ms" : {
        "2" : 0.099536,
        "4" : 0.097109,
        "10" : 1.973732,
        "20" : 41.416814,
        "50" : 4.209657,
        "100" : 1.012357,
        "250" : 0.162657,
        "500" : 0.900682,
        "750" : 0.186934,
        "1000" : 0.041271,
        "2000" : 0.000000,
        ">=2000" : 0.000000
      },
      "latency_depth" : 16,
      "latency_target" : 0,
      "latency_percentile" : 100.000000,
      "latency_window" : 0
    }
  ],
  "disk_util" : [
    {
      "name" : "sda",
      "read_ios" : 20520,
      "write_ios" : 20500,
      "read_merges" : 0,
      "write_merges" : 0,
      "read_ticks" : 474994,
      "write_ticks" : 1522,
      "in_queue" : 476516,
      "util" : 99.833077
    }
  ]
}
