{
  "fio version" : "fio-3.33",
  "timestamp" : 1727436238,
  "timestamp_ms" : 1727436238327,
  "time" : "Fri Sep 27 18:23:58 2024",
  "jobs" : [
    {
      "jobname" : "file",
      "groupid" : 0,
      "error" : 0,
      "eta" : 0,
      "elapsed" : 34,
      "job options" : {
        "rw" : "randrw",
        "size" : "80%",
        "rwmixread" : "50",
        "bs" : "256k",
        "ioengine" : "libaio",
        "iodepth" : "16",
        "direct" : "1",
        "runtime" : "30",
        "numjobs" : "1",
        "filename" : "/dev/sda"
      },
      "read" : {
        "io_bytes" : 55836672,
        "io_kbytes" : 54528,
        "bw_bytes" : 1698247,
        "bw" : 1658,
        "iops" : 6.478299,
        "runtime" : 32879,
        "total_ios" : 213,
        "short_ios" : 0,
        "drop_ios" : 0,
        "slat_ns" : {
          "min" : 13055,
          "max" : 482730,
          "mean" : 45623.014085,
          "stddev" : 41286.817036,
          "N" : 213
        },
        "clat_ns" : {
          "min" : 3298008,
          "max" : 5868190827,
          "mean" : 1601039194.131455,
          "stddev" : 1446348462.002515,
          "N" : 213,
          "percentile" : {
            "1.000000" : 5996544,
            "5.000000" : 69730304,
            "10.000000" : 135266304,
            "20.000000" : 223346688,
            "30.000000" : 574619648,
            "40.000000" : 968884224,
            "50.000000" : 1283457024,
            "60.000000" : 1535115264,
            "70.000000" : 1870659584,
            "80.000000" : 2801795072,
            "90.000000" : 3640655872,
            "95.000000" : 4731174912,
            "99.000000" : 5804916736,
            "99.500000" : 5804916736,
            "99.900000" : 5872025600,
            "99.950000" : 5872025600,
            "99.990000" : 5872025600
          }
        },
        "lat_ns" : {
          "min" : 3324059,
          "max" : 5868242078,
          "mean" : 1601084817.145539,
          "stddev" : 1446350600.849898,
          "N" : 213
        },
        "bw_min" : 506,
        "bw_max" : 9197,
        "bw_agg" : 100.000000,
        "bw_mean" : 2496.690476,
        "bw_dev" : 2235.360357,
        "bw_samples" : 42,
        "iops_min" : 1,
        "iops_max" : 35,
        "iops_mean" : 9.428571,
        "iops_stddev" : 8.773972,
        "iops_samples" : 42
      },
      "write" : {
        "io_bytes" : 60817408,
        "io_kbytes" : 59392,
        "bw_bytes" : 1849734,
        "bw" : 1806,
        "iops" : 7.056176,
        "runtime" : 32879,
        "total_ios" : 232,
        "short_ios" : 0,
        "drop_ios" : 0,
        "slat_ns" : {
          "min" : 9876,
          "max" : 209181,
          "mean" : 35398.099138,
          "stddev" : 23264.328068,
          "N" : 232
        },
        "clat_ns" : {
          "min" : 66665,
          "max" : 6320314137,
          "mean" : 785214588.556035,
          "stddev" : 1452971966.847687,
          "N" : 232,
          "percentile" : {
            "1.000000" : 70144,
            "5.000000" : 76288,
            "10.000000" : 81408,
            "20.000000" : 91648,
            "30.000000" : 105984,
            "40.000000" : 125440,
            "50.000000" : 162816,
            "60.000000" : 569344,
            "70.000000" : 362807296,
            "80.000000" : 1434451968,
            "90.000000" : 3238002688,
            "95.000000" : 3976200192,
            "99.000000" : 5939134464,
            "99.500000" : 6073352192,
            "99.900000" : 6341787648,
            "99.950000" : 6341787648,
            "99.990000" : 6341787648
          }
        },
        "lat_ns" : {
          "min" : 80160,
          "max" : 6320356751,
          "mean" : 785249986.655172,
          "stddev" : 1452973469.178641,
          "N" : 232
        },
        "bw_min" : 512,
        "bw_max" : 8704,
        "bw_agg" : 100.000000,
        "bw_mean" : 2951.538462,
        "bw_dev" : 2102.461187,
        "bw_samples" : 39,
        "iops_min" : 2,
        "iops_max" : 34,
        "iops_mean" : 11.256410,
        "iops_stddev" : 8.242119,
        "iops_samples" : 39
      },
      "trim" : {
        "io_bytes" : 0,
        "io_kbytes" : 0,
        "bw_bytes" : 0,
        "bw" : 0,
        "iops" : 0.000000,
        "runtime" : 0,
        "total_ios" : 0,
        "short_ios" : 0,
        "drop_ios" : 0,
        "slat_ns" : {
          "min" : 0,
          "max" : 0,
          "mean" : 0.000000,
          "stddev" : 0.000000,
          "N" : 0
        },
        "clat_ns" : {
          "min" : 0,
          "max" : 0,
          "mean" : 0.000000,
          "stddev" : 0.000000,
          "N" : 0
        },
        "lat_ns" : {
          "min" : 0,
          "max" : 0,
          "mean" : 0.000000,
          "stddev" : 0.000000,
          "N" : 0
        },
        "bw_min" : 0,
        "bw_max" : 0,
        "bw_agg" : 0.000000,
        "bw_mean" : 0.000000,
        "bw_dev" : 0.000000,
        "bw_samples" : 0,
        "iops_min" : 0,
        "iops_max" : 0,
        "iops_mean" : 0.000000,
        "iops_stddev" : 0.000000,
        "iops_samples" : 0
      },
      "sync" : {
        "total_ios" : 0,
        "lat_ns" : {
          "min" : 0,
          "max" : 0,
          "mean" : 0.000000,
          "stddev" : 0.000000,
          "N" : 0
        }
      },
      "job_runtime" : 32878,
      "usr_cpu" : 0.021291,
      "sys_cpu" : 0.042582,
      "ctx" : 638,
      "majf" : 0,
      "minf" : 1,
      "iodepth_level" : {
        "1" : 0.224719,
        "2" : 0.449438,
        "4" : 0.898876,
        "8" : 1.797753,
        "16" : 96.629213,
        "32" : 0.000000,
        ">=64" : 0.000000
      },
      "iodepth_submit" : {
        "0" : 0.000000,
        "4" : 100.000000,
        "8" : 0.000000,
        "16" : 0.000000,
        "32" : 0.000000,
        "64" : 0.000000,
        ">=64" : 0.000000
      },
      "iodepth_complete" : {
        "0" : 0.000000,
        "4" : 99.767981,
        "8" : 0.000000,
        "16" : 0.232019,
        "32" : 0.000000,
        "64" : 0.000000,
        ">=64" : 0.000000
      },
      "latency_ns" : {
        "2" : 0.000000,
        "4" : 0.000000,
        "10" : 0.000000,
        "20" : 0.000000,
        "50" : 0.000000,
        "100" : 0.000000,
        "250" : 0.000000,
        "500" : 0.000000,
        "750" : 0.000000,
        "1000" : 0.000000
      },
      "latency_us" : {
        "2" : 0.000000,
        "4" : 0.000000,
        "10" : 0.000000,
        "20" : 0.000000,
        "50" : 0.000000,
        "100" : 13.932584,
        "250" : 15.730337,
        "500" : 1.573034,
        "750" : 0.449438,
        "1000" : 0.674157
      },
      "latency_ms" : {
        "2" : 0.000000,
        "4" : 0.224719,
        "10" : 1.348315,
        "20" : 0.898876,
        "50" : 0.000000,
        "100" : 2.022472,
        "250" : 8.314607,
        "500" : 6.067416,
        "750" : 4.494382,
        "1000" : 4.719101,
        "2000" : 15.955056,
        ">=2000" : 23.595506
      },
      "latency_depth" : 16,
      "latency_target" : 0,
      "latency_percentile" : 100.000000,
      "latency_window" : 0
    }
  ],
  "disk_util" : [
    {
      "name" : "sda",
      "read_ios" : 214,
      "write_ios" : 229,
      "read_merges" : 0,
      "write_merges" : 0,
      "read_ticks" : 332441,
      "write_ticks" : 165439,
      "in_queue" : 497879,
      "util" : 100.000000
    }
  ]
}
