{
  "fio version" : "fio-3.33",
  "timestamp" : 1727436142,
  "timestamp_ms" : 1727436142764,
  "time" : "Fri Sep 27 18:22:22 2024",
  "jobs" : [
    {
      "jobname" : "file",
      "groupid" : 0,
      "error" : 0,
      "eta" : 0,
      "elapsed" : 31,
      "job options" : {
        "rw" : "randrw",
        "size" : "80%",
        "rwmixread" : "50",
        "bs" : "32k",
        "ioengine" : "libaio",
        "iodepth" : "16",
        "direct" : "1",
        "runtime" : "30",
        "numjobs" : "1",
        "filename" : "/dev/sda"
      },
      "read" : {
        "io_bytes" : 931233792,
        "io_kbytes" : 909408,
        "bw_bytes" : 30860080,
        "bw" : 30136,
        "iops" : 941.774920,
        "runtime" : 30176,
        "total_ios" : 28419,
        "short_ios" : 0,
        "drop_ios" : 0,
        "slat_ns" : {
          "min" : 5518,
          "max" : 11518912,
          "mean" : 29475.059186,
          "stddev" : 81341.265583,
          "N" : 28419
        },
        "clat_ns" : {
          "min" : 885981,
          "max" : 1030555277,
          "mean" : 16820831.372180,
          "stddev" : 67408435.564043,
          "N" : 28419,
          "percentile" : {
            "1.000000" : 3981312,
            "5.000000" : 4554752,
            "10.000000" : 4882432,
            "20.000000" : 5341184,
            "30.000000" : 5734400,
            "40.000000" : 6127616,
            "50.000000" : 6520832,
            "60.000000" : 7110656,
            "70.000000" : 7962624,
            "80.000000" : 19267584,
            "90.000000" : 24772608,
            "95.000000" : 30015488,
            "99.000000" : 258998272,
            "99.500000" : 574619648,
            "99.900000" : 935329792,
            "99.950000" : 1027604480,
            "99.990000" : 1027604480
          }
        },
        "lat_ns" : {
          "min" : 967573,
          "max" : 1030571161,
          "mean" : 16850306.431366,
          "stddev" : 67408586.698955,
          "N" : 28419
        },
        "bw_min" : 1019,
        "bw_max" : 57920,
        "bw_agg" : 100.000000,
        "bw_mean" : 33642.833333,
        "bw_dev" : 19326.334173,
        "bw_samples" : 54,
        "iops_min" : 31,
        "iops_max" : 1810,
        "iops_mean" : 1051.166667,
        "iops_stddev" : 604.066745,
        "iops_samples" : 54
      },
      "write" : {
        "io_bytes" : 931561472,
        "io_kbytes" : 909728,
        "bw_bytes" : 30870939,
        "bw" : 30147,
        "iops" : 942.106310,
        "runtime" : 30176,
        "total_ios" : 28429,
        "short_ios" : 0,
        "drop_ios" : 0,
        "slat_ns" : {
          "min" : 7707,
          "max" : 3452456,
          "mean" : 23396.859756,
          "stddev" : 42325.951293,
          "N" : 28429
        },
        "clat_ns" : {
          "min" : 1130,
          "max" : 29396281,
          "mean" : 111689.418024,
          "stddev" : 390783.862688,
          "N" : 28429,
          "percentile" : {
            "1.000000" : 33536,
            "5.000000" : 45312,
            "10.000000" : 50944,
            "20.000000" : 56576,
            "30.000000" : 61696,
            "40.000000" : 68096,
            "50.000000" : 75264,
            "60.000000" : 83456,
            "70.000000" : 95744,
            "80.000000" : 116224,
            "90.000000" : 181248,
            "95.000000" : 272384,
            "99.000000" : 561152,
            "99.500000" : 692224,
            "99.900000" : 1875968,
            "99.950000" : 3063808,
            "99.990000" : 28180480
          }
        },
        "lat_ns" : {
          "min" : 37606,
          "max" : 29411555,
          "mean" : 135086.277780,
          "stddev" : 400750.566896,
          "N" : 28429
        },
        "bw_min" : 1019,
        "bw_max" : 59328,
        "bw_agg" : 100.000000,
        "bw_mean" : 33673.962963,
        "bw_dev" : 19200.670681,
        "bw_samples" : 54,
        "iops_min" : 31,
        "iops_max" : 1854,
        "iops_mean" : 1052.148148,
        "iops_stddev" : 600.140908,
        "iops_samples" : 54
      },
      "trim" : {
        "io_bytes" : 0,
        "io_kbytes" : 0,
        "bw_bytes" : 0,
        "bw" : 0,
        "iops" : 0.000000,
        "runtime" : 0,
        "total_ios" : 0,
        "short_ios" : 0,
        "drop_ios" : 0,
        "slat_ns" : {
          "min" : 0,
          "max" : 0,
          "mean" : 0.000000,
          "stddev" : 0.000000,
          "N" : 0
        },
        "clat_ns" : {
          "min" : 0,
          "max" : 0,
          "mean" : 0.000000,
          "stddev" : 0.000000,
          "N" : 0
        },
        "lat_ns" : {
          "min" : 0,
          "max" : 0,
          "mean" : 0.000000,
          "stddev" : 0.000000,
          "N" : 0
        },
        "bw_min" : 0,
        "bw_max" : 0,
        "bw_agg" : 0.000000,
        "bw_mean" : 0.000000,
        "bw_dev" : 0.000000,
        "bw_samples" : 0,
        "iops_min" : 0,
        "iops_max" : 0,
        "iops_mean" : 0.000000,
        "iops_stddev" : 0.000000,
        "iops_samples" : 0
      },
      "sync" : {
        "total_ios" : 0,
        "lat_ns" : {
          "min" : 0,
          "max" : 0,
          "mean" : 0.000000,
          "stddev" : 0.000000,
          "N" : 0
        }
      },
      "job_runtime" : 30175,
      "usr_cpu" : 0.490472,
      "sys_cpu" : 4.225352,
      "ctx" : 65095,
      "majf" : 0,
      "minf" : 1,
      "iodepth_level" : {
        "1" : 0.100000,
        "2" : 0.100000,
        "4" : 0.100000,
        "8" : 0.100000,
        "16" : 99.973614,
        "32" : 0.000000,
        ">=64" : 0.000000
      },
      "iodepth_submit" : {
        "0" : 0.000000,
        "4" : 100.000000,
        "8" : 0.000000,
        "16" : 0.000000,
        "32" : 0.000000,
        "64" : 0.000000,
        ">=64" : 0.000000
      },
      "iodepth_complete" : {
        "0" : 0.000000,
        "4" : 99.998240,
        "8" : 0.000000,
        "16" : 0.100000,
        "32" : 0.000000,
        "64" : 0.000000,
        ">=64" : 0.000000
      },
      "latency_ns" : {
        "2" : 0.000000,
        "4" : 0.000000,
        "10" : 0.000000,
        "20" : 0.000000,
        "50" : 0.000000,
        "100" : 0.000000,
        "250" : 0.000000,
        "500" : 0.000000,
        "750" : 0.000000,
        "1000" : 0.000000
      },
      "latency_us" : {
        "2" : 0.010000,
        "4" : 0.010000,
        "10" : 0.000000,
        "20" : 0.116099,
        "50" : 4.198916,
        "100" : 31.972981,
        "250" : 10.674078,
        "500" : 2.343090,
        "750" : 0.503096,
        "1000" : 0.093231
      },
      "latency_ms" : {
        "2" : 0.082677,
        "4" : 0.540037,
        "10" : 38.018928,
        "20" : 2.304391,
        "50" : 8.313397,
        "100" : 0.235716,
        "250" : 0.084436,
        "500" : 0.140726,
        "750" : 0.140726,
        "1000" : 0.197017,
        "2000" : 0.028145,
        ">=2000" : 0.000000
      },
      "latency_depth" : 16,
      "latency_target" : 0,
      "latency_percentile" : 100.000000,
      "latency_window" : 0
    }
  ],
  "disk_util" : [
    {
      "name" : "sda",
      "read_ios" : 28449,
      "write_ios" : 28429,
      "read_merges" : 0,
      "write_merges" : 0,
      "read_ticks" : 471280,
      "write_ticks" : 2808,
      "in_queue" : 474089,
      "util" : 99.755048
    }
  ]
}
