{
  "fio version" : "fio-3.33",
  "timestamp" : 1727436051,
  "timestamp_ms" : 1727436051520,
  "time" : "Fri Sep 27 18:20:51 2024",
  "jobs" : [
    {
      "jobname" : "file",
      "groupid" : 0,
      "error" : 0,
      "eta" : 0,
      "elapsed" : 31,
      "job options" : {
        "rw" : "randrw",
        "size" : "80%",
        "rwmixread" : "50",
        "bs" : "4k",
        "ioengine" : "libaio",
        "iodepth" : "16",
        "direct" : "1",
        "runtime" : "30",
        "numjobs" : "1",
        "filename" : "/dev/sda"
      },
      "read" : {
        "io_bytes" : 127172608,
        "io_kbytes" : 124192,
        "bw_bytes" : 4237674,
        "bw" : 4138,
        "iops" : 1034.588471,
        "runtime" : 30010,
        "total_ios" : 31048,
        "short_ios" : 0,
        "drop_ios" : 0,
        "slat_ns" : {
          "min" : 10656,
          "max" : 1326858,
          "mean" : 22708.755024,
          "stddev" : 17835.298430,
          "N" : 31048
        },
        "clat_ns" : {
          "min" : 554315,
          "max" : 954748893,
          "mean" : 15354641.185970,
          "stddev" : 48956357.897776,
          "N" : 31048,
          "percentile" : {
            "1.000000" : 4112384,
            "5.000000" : 6258688,
            "10.000000" : 7569408,
            "20.000000" : 8847360,
            "30.000000" : 9109504,
            "40.000000" : 9371648,
            "50.000000" : 9502720,
            "60.000000" : 9502720,
            "70.000000" : 9633792,
            "80.000000" : 9764864,
            "90.000000" : 10289152,
            "95.000000" : 41156608,
            "99.000000" : 67633152,
            "99.500000" : 358612992,
            "99.900000" : 675282944,
            "99.950000" : 893386752,
            "99.990000" : 943718400
          }
        },
        "lat_ns" : {
          "min" : 587113,
          "max" : 954771994,
          "mean" : 15377349.940995,
          "stddev" : 48956386.453948,
          "N" : 31048
        },
        "bw_min" : 8,
        "bw_max" : 6091,
        "bw_agg" : 100.000000,
        "bw_mean" : 4189.793103,
        "bw_dev" : 2097.717412,
        "bw_samples" : 58,
        "iops_min" : 2,
        "iops_max" : 1522,
        "iops_mean" : 1047.362069,
        "iops_stddev" : 524.431311,
        "iops_samples" : 58
      },
      "write" : {
        "io_bytes" : 127209472,
        "io_kbytes" : 124228,
        "bw_bytes" : 4238902,
        "bw" : 4139,
        "iops" : 1034.888371,
        "runtime" : 30010,
        "total_ios" : 31057,
        "short_ios" : 0,
        "drop_ios" : 0,
        "slat_ns" : {
          "min" : 6787,
          "max" : 1647050,
          "mean" : 16611.943813,
          "stddev" : 17538.703988,
          "N" : 31057
        },
        "clat_ns" : {
          "min" : 1040,
          "max" : 8316528,
          "mean" : 67079.392086,
          "stddev" : 113703.555862,
          "N" : 31057,
          "percentile" : {
            "1.000000" : 30336,
            "5.000000" : 35072,
            "10.000000" : 40704,
            "20.000000" : 47360,
            "30.000000" : 50432,
            "40.000000" : 52992,
            "50.000000" : 56064,
            "60.000000" : 60160,
            "70.000000" : 64768,
            "80.000000" : 70144,
            "90.000000" : 81408,
            "95.000000" : 104960,
            "99.000000" : 250880,
            "99.500000" : 399360,
            "99.900000" : 1036288,
            "99.950000" : 1892352,
            "99.990000" : 6258688
          }
        },
        "lat_ns" : {
          "min" : 31518,
          "max" : 8326824,
          "mean" : 83691.335899,
          "stddev" : 115759.080945,
          "N" : 31057
        },
        "bw_min" : 56,
        "bw_max" : 6184,
        "bw_agg" : 100.000000,
        "bw_mean" : 4274.035088,
        "bw_dev" : 2054.277236,
        "bw_samples" : 57,
        "iops_min" : 14,
        "iops_max" : 1546,
        "iops_mean" : 1068.385965,
        "iops_stddev" : 513.548501,
        "iops_samples" : 57
      },
      "trim" : {
        "io_bytes" : 0,
        "io_kbytes" : 0,
        "bw_bytes" : 0,
        "bw" : 0,
        "iops" : 0.000000,
        "runtime" : 0,
        "total_ios" : 0,
        "short_ios" : 0,
        "drop_ios" : 0,
        "slat_ns" : {
          "min" : 0,
          "max" : 0,
          "mean" : 0.000000,
          "stddev" : 0.000000,
          "N" : 0
        },
        "clat_ns" : {
          "min" : 0,
          "max" : 0,
          "mean" : 0.000000,
          "stddev" : 0.000000,
          "N" : 0
        },
        "lat_ns" : {
          "min" : 0,
          "max" : 0,
          "mean" : 0.000000,
          "stddev" : 0.000000,
          "N" : 0
        },
        "bw_min" : 0,
        "bw_max" : 0,
        "bw_agg" : 0.000000,
        "bw_mean" : 0.000000,
        "bw_dev" : 0.000000,
        "bw_samples" : 0,
        "iops_min" : 0,
        "iops_max" : 0,
        "iops_mean" : 0.000000,
        "iops_stddev" : 0.000000,
        "iops_samples" : 0
      },
      "sync" : {
        "total_ios" : 0,
        "lat_ns" : {
          "min" : 0,
          "max" : 0,
          "mean" : 0.000000,
          "stddev" : 0.000000,
          "N" : 0
        }
      },
      "job_runtime" : 30009,
      "usr_cpu" : 0.619814,
      "sys_cpu" : 4.185411,
      "ctx" : 89569,
      "majf" : 0,
      "minf" : 1,
      "iodepth_level" : {
        "1" : 0.100000,
        "2" : 0.100000,
        "4" : 0.100000,
        "8" : 0.100000,
        "16" : 99.975847,
        "32" : 0.000000,
        ">=64" : 0.000000
      },
      "iodepth_submit" : {
        "0" : 0.000000,
        "4" : 100.000000,
        "8" : 0.000000,
        "16" : 0.000000,
        "32" : 0.000000,
        "64" : 0.000000,
        ">=64" : 0.000000
      },
      "iodepth_complete" : {
        "0" : 0.000000,
        "4" : 99.998389,
        "8" : 0.000000,
        "16" : 0.100000,
        "32" : 0.000000,
        "64" : 0.000000,
        ">=64" : 0.000000
      },
      "latency_ns" : {
        "2" : 0.000000,
        "4" : 0.000000,
        "10" : 0.000000,
        "20" : 0.000000,
        "50" : 0.000000,
        "100" : 0.000000,
        "250" : 0.000000,
        "500" : 0.000000,
        "750" : 0.000000,
        "1000" : 0.000000
      },
      "latency_us" : {
        "2" : 0.024153,
        "4" : 0.010000,
        "10" : 0.010000,
        "20" : 0.019322,
        "50" : 14.583367,
        "100" : 32.607681,
        "250" : 2.267128,
        "500" : 0.362290,
        "750" : 0.080509,
        "1000" : 0.032204
      },
      "latency_ms" : {
        "2" : 0.104661,
        "4" : 0.383222,
        "10" : 44.212221,
        "20" : 1.949924,
        "50" : 1.999839,
        "100" : 0.916190,
        "250" : 0.025763,
        "500" : 0.196442,
        "750" : 0.196442,
        "1000" : 0.035424,
        "2000" : 0.000000,
        ">=2000" : 0.000000
      },
      "latency_depth" : 16,
      "latency_target" : 0,
      "latency_percentile" : 100.000000,
      "latency_window" : 0
    }
  ],
  "disk_util" : [
    {
      "name" : "sda",
      "read_ios" : 30918,
      "write_ios" : 30913,
      "read_merges" : 0,
      "write_merges" : 0,
      "read_ticks" : 474421,
      "write_ticks" : 1819,
      "in_queue" : 476240,
      "util" : 99.829790
    }
  ]
}
