{
  "fio version" : "fio-3.33",
  "timestamp" : 1727436269,
  "timestamp_ms" : 1727436269003,
  "time" : "Fri Sep 27 18:24:29 2024",
  "jobs" : [
    {
      "jobname" : "file",
      "groupid" : 0,
      "error" : 0,
      "eta" : 0,
      "elapsed" : 31,
      "job options" : {
        "rw" : "randrw",
        "size" : "80%",
        "rwmixread" : "50",
        "bs" : "512k",
        "ioengine" : "libaio",
        "iodepth" : "16",
        "direct" : "1",
        "runtime" : "30",
        "numjobs" : "1",
        "filename" : "/dev/sda"
      },
      "read" : {
        "io_bytes" : 1405091840,
        "io_kbytes" : 1372160,
        "bw_bytes" : 46741353,
        "bw" : 45645,
        "iops" : 89.152057,
        "runtime" : 30061,
        "total_ios" : 2680,
        "short_ios" : 0,
        "drop_ios" : 0,
        "slat_ns" : {
          "min" : 9117,
          "max" : 635195,
          "mean" : 40568.680970,
          "stddev" : 35139.420015,
          "N" : 2680
        },
        "clat_ns" : {
          "min" : 10158465,
          "max" : 2520227987,
          "mean" : 109369074.716045,
          "stddev" : 179217312.161076,
          "N" : 2680,
          "percentile" : {
            "1.000000" : 34865152,
            "5.000000" : 41156608,
            "10.000000" : 43778048,
            "20.000000" : 47972352,
            "30.000000" : 51642368,
            "40.000000" : 55312384,
            "50.000000" : 60555264,
            "60.000000" : 67633152,
            "70.000000" : 79167488,
            "80.000000" : 107479040,
            "90.000000" : 181403648,
            "95.000000" : 283115520,
            "99.000000" : 1082130432,
            "99.500000" : 1149239296,
            "99.900000" : 2055208960,
            "99.950000" : 2533359616,
            "99.990000" : 2533359616
          }
        },
        "lat_ns" : {
          "min" : 10221171,
          "max" : 2520715017,
          "mean" : 109409643.397015,
          "stddev" : 179220145.056285,
          "N" : 2680
        },
        "bw_min" : 1021,
        "bw_max" : 111616,
        "bw_agg" : 100.000000,
        "bw_mean" : 50064.301887,
        "bw_dev" : 32758.515923,
        "bw_samples" : 53,
        "iops_min" : 1,
        "iops_max" : 218,
        "iops_mean" : 97.415094,
        "iops_stddev" : 64.062300,
        "iops_samples" : 53
      },
      "write" : {
        "io_bytes" : 1463287808,
        "io_kbytes" : 1428992,
        "bw_bytes" : 48677283,
        "bw" : 47536,
        "iops" : 92.844549,
        "runtime" : 30061,
        "total_ios" : 2791,
        "short_ios" : 0,
        "drop_ios" : 0,
        "slat_ns" : {
          "min" : 12385,
          "max" : 545878,
          "mean" : 40293.991759,
          "stddev" : 32266.188103,
          "N" : 2791
        },
        "clat_ns" : {
          "min" : 346111,
          "max" : 2969927670,
          "mean" : 67198549.125403,
          "stddev" : 170425407.375311,
          "N" : 2791,
          "percentile" : {
            "1.000000" : 4177920,
            "5.000000" : 6651904,
            "10.000000" : 8847360,
            "20.000000" : 16908288,
            "30.000000" : 23986176,
            "40.000000" : 27918336,
            "50.000000" : 38010880,
            "60.000000" : 45350912,
            "70.000000" : 52166656,
            "80.000000" : 62652416,
            "90.000000" : 103284736,
            "95.000000" : 162529280,
            "99.000000" : 918552576,
            "99.500000" : 1052770304,
            "99.900000" : 2734686208,
            "99.950000" : 2801795072,
            "99.990000" : 2969567232
          }
        },
        "lat_ns" : {
          "min" : 492057,
          "max" : 2969973373,
          "mean" : 67238843.117162,
          "stddev" : 170426339.559320,
          "N" : 2791
        },
        "bw_min" : 1024,
        "bw_max" : 109568,
        "bw_agg" : 100.000000,
        "bw_mean" : 51314.129630,
        "bw_dev" : 35932.234871,
        "bw_samples" : 54,
        "iops_min" : 2,
        "iops_max" : 214,
        "iops_mean" : 99.851852,
        "iops_stddev" : 70.276652,
        "iops_samples" : 54
      },
      "trim" : {
        "io_bytes" : 0,
        "io_kbytes" : 0,
        "bw_bytes" : 0,
        "bw" : 0,
        "iops" : 0.000000,
        "runtime" : 0,
        "total_ios" : 0,
        "short_ios" : 0,
        "drop_ios" : 0,
        "slat_ns" : {
          "min" : 0,
          "max" : 0,
          "mean" : 0.000000,
          "stddev" : 0.000000,
          "N" : 0
        },
        "clat_ns" : {
          "min" : 0,
          "max" : 0,
          "mean" : 0.000000,
          "stddev" : 0.000000,
          "N" : 0
        },
        "lat_ns" : {
          "min" : 0,
          "max" : 0,
          "mean" : 0.000000,
          "stddev" : 0.000000,
          "N" : 0
        },
        "bw_min" : 0,
        "bw_max" : 0,
        "bw_agg" : 0.000000,
        "bw_mean" : 0.000000,
        "bw_dev" : 0.000000,
        "bw_samples" : 0,
        "iops_min" : 0,
        "iops_max" : 0,
        "iops_mean" : 0.000000,
        "iops_stddev" : 0.000000,
        "iops_samples" : 0
      },
      "sync" : {
        "total_ios" : 0,
        "lat_ns" : {
          "min" : 0,
          "max" : 0,
          "mean" : 0.000000,
          "stddev" : 0.000000,
          "N" : 0
        }
      },
      "job_runtime" : 30060,
      "usr_cpu" : 0.302728,
      "sys_cpu" : 0.518962,
      "ctx" : 6433,
      "majf" : 0,
      "minf" : 1,
      "iodepth_level" : {
        "1" : 0.100000,
        "2" : 0.100000,
        "4" : 0.100000,
        "8" : 0.146226,
        "16" : 99.725827,
        "32" : 0.000000,
        ">=64" : 0.000000
      },
      "iodepth_submit" : {
        "0" : 0.000000,
        "4" : 100.000000,
        "8" : 0.000000,
        "16" : 0.000000,
        "32" : 0.000000,
        "64" : 0.000000,
        ">=64" : 0.000000
      },
      "iodepth_complete" : {
        "0" : 0.000000,
        "4" : 99.981675,
        "8" : 0.000000,
        "16" : 0.100000,
        "32" : 0.000000,
        "64" : 0.000000,
        ">=64" : 0.000000
      },
      "latency_ns" : {
        "2" : 0.000000,
        "4" : 0.000000,
        "10" : 0.000000,
        "20" : 0.000000,
        "50" : 0.000000,
        "100" : 0.000000,
        "250" : 0.000000,
        "500" : 0.000000,
        "750" : 0.000000,
        "1000" : 0.000000
      },
      "latency_us" : {
        "2" : 0.000000,
        "4" : 0.000000,
        "10" : 0.000000,
        "20" : 0.000000,
        "50" : 0.000000,
        "100" : 0.000000,
        "250" : 0.000000,
        "500" : 0.018278,
        "750" : 0.018278,
        "1000" : 0.000000
      },
      "latency_ms" : {
        "2" : 0.000000,
        "4" : 0.329007,
        "10" : 6.580150,
        "20" : 4.971669,
        "50" : 34.947907,
        "100" : 36.885396,
        "250" : 11.880826,
        "500" : 1.937489,
        "750" : 0.621459,
        "1000" : 0.731128,
        "2000" : 0.932188,
        ">=2000" : 0.146226
      },
      "latency_depth" : 16,
      "latency_target" : 0,
      "latency_percentile" : 100.000000,
      "latency_window" : 0
    }
  ],
  "disk_util" : [
    {
      "name" : "sda",
      "read_ios" : 2670,
      "write_ios" : 2768,
      "read_merges" : 0,
      "write_merges" : 0,
      "read_ticks" : 294783,
      "write_ticks" : 186595,
      "in_queue" : 481378,
      "util" : 100.000000
    }
  ]
}
