{
  "fio version" : "fio-3.33",
  "timestamp" : 1727436173,
  "timestamp_ms" : 1727436173863,
  "time" : "Fri Sep 27 18:22:53 2024",
  "jobs" : [
    {
      "jobname" : "file",
      "groupid" : 0,
      "error" : 0,
      "eta" : 0,
      "elapsed" : 31,
      "job options" : {
        "rw" : "randrw",
        "size" : "80%",
        "rwmixread" : "50",
        "bs" : "64k",
        "ioengine" : "libaio",
        "iodepth" : "16",
        "direct" : "1",
        "runtime" : "30",
        "numjobs" : "1",
        "filename" : "/dev/sda"
      },
      "read" : {
        "io_bytes" : 747503616,
        "io_kbytes" : 729984,
        "bw_bytes" : 24322507,
        "bw" : 23752,
        "iops" : 371.132008,
        "runtime" : 30733,
        "total_ios" : 11406,
        "short_ios" : 0,
        "drop_ios" : 0,
        "slat_ns" : {
          "min" : 12855,
          "max" : 1215936,
          "mean" : 29670.497720,
          "stddev" : 36936.933715,
          "N" : 11406
        },
        "clat_ns" : {
          "min" : 874286,
          "max" : 2094936432,
          "mean" : 42889631.217517,
          "stddev" : 127996264.029570,
          "N" : 11406,
          "percentile" : {
            "1.000000" : 6782976,
            "5.000000" : 7700480,
            "10.000000" : 8159232,
            "20.000000" : 8847360,
            "30.000000" : 9502720,
            "40.000000" : 10158080,
            "50.000000" : 11337728,
            "60.000000" : 20578304,
            "70.000000" : 23724032,
            "80.000000" : 30015488,
            "90.000000" : 45350912,
            "95.000000" : 175112192,
            "99.000000" : 599785472,
            "99.500000" : 826277888,
            "99.900000" : 2088763392,
            "99.950000" : 2088763392,
            "99.990000" : 2088763392
          }
        },
        "lat_ns" : {
          "min" : 897367,
          "max" : 2094951417,
          "mean" : 42919301.715238,
          "stddev" : 127995951.681804,
          "N" : 11406
        },
        "bw_min" : 127,
        "bw_max" : 70144,
        "bw_agg" : 100.000000,
        "bw_mean" : 25551.807018,
        "bw_dev" : 24387.673280,
        "bw_samples" : 57,
        "iops_min" : 1,
        "iops_max" : 1096,
        "iops_mean" : 398.964912,
        "iops_stddev" : 381.164427,
        "iops_samples" : 57
      },
      "write" : {
        "io_bytes" : 743374848,
        "io_kbytes" : 725952,
        "bw_bytes" : 24188164,
        "bw" : 23621,
        "iops" : 369.082094,
        "runtime" : 30733,
        "total_ios" : 11343,
        "short_ios" : 0,
        "drop_ios" : 0,
        "slat_ns" : {
          "min" : 8947,
          "max" : 718905,
          "mean" : 22862.288019,
          "stddev" : 25530.295769,
          "N" : 11343
        },
        "clat_ns" : {
          "min" : 1339,
          "max" : 48484070,
          "mean" : 115882.386758,
          "stddev" : 786227.992530,
          "N" : 11343,
          "percentile" : {
            "1.000000" : 41728,
            "5.000000" : 49920,
            "10.000000" : 55040,
            "20.000000" : 58112,
            "30.000000" : 61696,
            "40.000000" : 66048,
            "50.000000" : 73216,
            "60.000000" : 80384,
            "70.000000" : 90624,
            "80.000000" : 107008,
            "90.000000" : 150528,
            "95.000000" : 238592,
            "99.000000" : 577536,
            "99.500000" : 856064,
            "99.900000" : 2834432,
            "99.950000" : 3260416,
            "99.990000" : 48496640
          }
        },
        "lat_ns" : {
          "min" : 44053,
          "max" : 48510320,
          "mean" : 138744.674777,
          "stddev" : 787316.839327,
          "N" : 11343
        },
        "bw_min" : 637,
        "bw_max" : 71680,
        "bw_agg" : 100.000000,
        "bw_mean" : 25898.160714,
        "bw_dev" : 24137.344103,
        "bw_samples" : 56,
        "iops_min" : 9,
        "iops_max" : 1120,
        "iops_mean" : 404.375000,
        "iops_stddev" : 377.227521,
        "iops_samples" : 56
      },
      "trim" : {
        "io_bytes" : 0,
        "io_kbytes" : 0,
        "bw_bytes" : 0,
        "bw" : 0,
        "iops" : 0.000000,
        "runtime" : 0,
        "total_ios" : 0,
        "short_ios" : 0,
        "drop_ios" : 0,
        "slat_ns" : {
          "min" : 0,
          "max" : 0,
          "mean" : 0.000000,
          "stddev" : 0.000000,
          "N" : 0
        },
        "clat_ns" : {
          "min" : 0,
          "max" : 0,
          "mean" : 0.000000,
          "stddev" : 0.000000,
          "N" : 0
        },
        "lat_ns" : {
          "min" : 0,
          "max" : 0,
          "mean" : 0.000000,
          "stddev" : 0.000000,
          "N" : 0
        },
        "bw_min" : 0,
        "bw_max" : 0,
        "bw_agg" : 0.000000,
        "bw_mean" : 0.000000,
        "bw_dev" : 0.000000,
        "bw_samples" : 0,
        "iops_min" : 0,
        "iops_max" : 0,
        "iops_mean" : 0.000000,
        "iops_stddev" : 0.000000,
        "iops_samples" : 0
      },
      "sync" : {
        "total_ios" : 0,
        "lat_ns" : {
          "min" : 0,
          "max" : 0,
          "mean" : 0.000000,
          "stddev" : 0.000000,
          "N" : 0
        }
      },
      "job_runtime" : 30732,
      "usr_cpu" : 0.396980,
      "sys_cpu" : 1.626969,
      "ctx" : 30829,
      "majf" : 0,
      "minf" : 1,
      "iodepth_level" : {
        "1" : 0.100000,
        "2" : 0.100000,
        "4" : 0.100000,
        "8" : 0.100000,
        "16" : 99.934063,
        "32" : 0.000000,
        ">=64" : 0.000000
      },
      "iodepth_submit" : {
        "0" : 0.000000,
        "4" : 100.000000,
        "8" : 0.000000,
        "16" : 0.000000,
        "32" : 0.000000,
        "64" : 0.000000,
        ">=64" : 0.000000
      },
      "iodepth_complete" : {
        "0" : 0.000000,
        "4" : 99.995601,
        "8" : 0.000000,
        "16" : 0.100000,
        "32" : 0.000000,
        "64" : 0.000000,
        ">=64" : 0.000000
      },
      "latency_ns" : {
        "2" : 0.000000,
        "4" : 0.000000,
        "10" : 0.000000,
        "20" : 0.000000,
        "50" : 0.000000,
        "100" : 0.000000,
        "250" : 0.000000,
        "500" : 0.000000,
        "750" : 0.000000,
        "1000" : 0.000000
      },
      "latency_us" : {
        "2" : 0.017583,
        "4" : 0.010000,
        "10" : 0.000000,
        "20" : 0.043958,
        "50" : 2.510000,
        "100" : 35.759814,
        "250" : 9.292716,
        "500" : 1.595675,
        "750" : 0.303310,
        "1000" : 0.175832
      },
      "latency_ms" : {
        "2" : 0.074729,
        "4" : 0.114291,
        "10" : 18.739285,
        "20" : 10.796079,
        "50" : 16.387534,
        "100" : 1.208844,
        "250" : 0.905534,
        "500" : 0.997846,
        "750" : 0.760473,
        "1000" : 0.219790,
        "2000" : 0.035166,
        ">=2000" : 0.057145
      },
      "latency_depth" : 16,
      "latency_target" : 0,
      "latency_percentile" : 100.000000,
      "latency_window" : 0
    }
  ],
  "disk_util" : [
    {
      "name" : "sda",
      "read_ios" : 11420,
      "write_ios" : 11343,
      "read_merges" : 0,
      "write_merges" : 0,
      "read_ticks" : 473774,
      "write_ticks" : 1205,
      "in_queue" : 474979,
      "util" : 99.886064
    }
  ]
}
