{
  "fio version" : "fio-3.33",
  "timestamp" : 1727436081,
  "timestamp_ms" : 1727436081885,
  "time" : "Fri Sep 27 18:21:21 2024",
  "jobs" : [
    {
      "jobname" : "file",
      "groupid" : 0,
      "error" : 0,
      "eta" : 0,
      "elapsed" : 31,
      "job options" : {
        "rw" : "randrw",
        "size" : "80%",
        "rwmixread" : "50",
        "bs" : "8k",
        "ioengine" : "libaio",
        "iodepth" : "16",
        "direct" : "1",
        "runtime" : "30",
        "numjobs" : "1",
        "filename" : "/dev/sda"
      },
      "read" : {
        "io_bytes" : 147668992,
        "io_kbytes" : 144208,
        "bw_bytes" : 4920659,
        "bw" : 4805,
        "iops" : 600.666445,
        "runtime" : 30010,
        "total_ios" : 18026,
        "short_ios" : 0,
        "drop_ios" : 0,
        "slat_ns" : {
          "min" : 11126,
          "max" : 1728829,
          "mean" : 22851.768834,
          "stddev" : 19644.099005,
          "N" : 18026
        },
        "clat_ns" : {
          "min" : 700021,
          "max" : 1142693031,
          "mean" : 26528375.533008,
          "stddev" : 94339312.918454,
          "N" : 18026,
          "percentile" : {
            "1.000000" : 5734400,
            "5.000000" : 7372800,
            "10.000000" : 9109504,
            "20.000000" : 9633792,
            "30.000000" : 9764864,
            "40.000000" : 10027008,
            "50.000000" : 10158080,
            "60.000000" : 10158080,
            "70.000000" : 10289152,
            "80.000000" : 10420224,
            "90.000000" : 31850496,
            "95.000000" : 42729472,
            "99.000000" : 291504128,
            "99.500000" : 826277888,
            "99.900000" : 1132462080,
            "99.950000" : 1132462080,
            "99.990000" : 1149239296
          }
        },
        "lat_ns" : {
          "min" : 766027,
          "max" : 1142709215,
          "mean" : 26551227.301842,
          "stddev" : 94339196.562180,
          "N" : 18026
        },
        "bw_min" : 512,
        "bw_max" : 10874,
        "bw_agg" : 100.000000,
        "bw_mean" : 5600.380000,
        "bw_dev" : 2111.527196,
        "bw_samples" : 50,
        "iops_min" : 64,
        "iops_max" : 1359,
        "iops_mean" : 699.920000,
        "iops_stddev" : 263.919812,
        "iops_samples" : 50
      },
      "write" : {
        "io_bytes" : 148037632,
        "io_kbytes" : 144568,
        "bw_bytes" : 4932943,
        "bw" : 4817,
        "iops" : 602.165945,
        "runtime" : 30010,
        "total_ios" : 18071,
        "short_ios" : 0,
        "drop_ios" : 0,
        "slat_ns" : {
          "min" : 7097,
          "max" : 1030283,
          "mean" : 16951.853356,
          "stddev" : 16283.169804,
          "N" : 18071
        },
        "clat_ns" : {
          "min" : 1119,
          "max" : 4361603,
          "mean" : 64456.693763,
          "stddev" : 60285.926960,
          "N" : 18071,
          "percentile" : {
            "1.000000" : 30336,
            "5.000000" : 32640,
            "10.000000" : 38144,
            "20.000000" : 46336,
            "30.000000" : 49920,
            "40.000000" : 52992,
            "50.000000" : 56064,
            "60.000000" : 59648,
            "70.000000" : 65280,
            "80.000000" : 71168,
            "90.000000" : 83456,
            "95.000000" : 104960,
            "99.000000" : 244736,
            "99.500000" : 284672,
            "99.900000" : 561152,
            "99.950000" : 970752,
            "99.990000" : 2277376
          }
        },
        "lat_ns" : {
          "min" : 36547,
          "max" : 4381866,
          "mean" : 81408.547120,
          "stddev" : 63858.084920,
          "N" : 18071
        },
        "bw_min" : 528,
        "bw_max" : 11465,
        "bw_agg" : 100.000000,
        "bw_mean" : 5603.320000,
        "bw_dev" : 2173.202184,
        "bw_samples" : 50,
        "iops_min" : 66,
        "iops_max" : 1433,
        "iops_mean" : 700.280000,
        "iops_stddev" : 271.668243,
        "iops_samples" : 50
      },
      "trim" : {
        "io_bytes" : 0,
        "io_kbytes" : 0,
        "bw_bytes" : 0,
        "bw" : 0,
        "iops" : 0.000000,
        "runtime" : 0,
        "total_ios" : 0,
        "short_ios" : 0,
        "drop_ios" : 0,
        "slat_ns" : {
          "min" : 0,
          "max" : 0,
          "mean" : 0.000000,
          "stddev" : 0.000000,
          "N" : 0
        },
        "clat_ns" : {
          "min" : 0,
          "max" : 0,
          "mean" : 0.000000,
          "stddev" : 0.000000,
          "N" : 0
        },
        "lat_ns" : {
          "min" : 0,
          "max" : 0,
          "mean" : 0.000000,
          "stddev" : 0.000000,
          "N" : 0
        },
        "bw_min" : 0,
        "bw_max" : 0,
        "bw_agg" : 0.000000,
        "bw_mean" : 0.000000,
        "bw_dev" : 0.000000,
        "bw_samples" : 0,
        "iops_min" : 0,
        "iops_max" : 0,
        "iops_mean" : 0.000000,
        "iops_stddev" : 0.000000,
        "iops_samples" : 0
      },
      "sync" : {
        "total_ios" : 0,
        "lat_ns" : {
          "min" : 0,
          "max" : 0,
          "mean" : 0.000000,
          "stddev" : 0.000000,
          "N" : 0
        }
      },
      "job_runtime" : 30009,
      "usr_cpu" : 0.366557,
      "sys_cpu" : 2.502583,
      "ctx" : 52480,
      "majf" : 0,
      "minf" : 1,
      "iodepth_level" : {
        "1" : 0.100000,
        "2" : 0.100000,
        "4" : 0.100000,
        "8" : 0.100000,
        "16" : 99.958445,
        "32" : 0.000000,
        ">=64" : 0.000000
      },
      "iodepth_submit" : {
        "0" : 0.000000,
        "4" : 100.000000,
        "8" : 0.000000,
        "16" : 0.000000,
        "32" : 0.000000,
        "64" : 0.000000,
        ">=64" : 0.000000
      },
      "iodepth_complete" : {
        "0" : 0.000000,
        "4" : 99.997229,
        "8" : 0.000000,
        "16" : 0.100000,
        "32" : 0.000000,
        "64" : 0.000000,
        ">=64" : 0.000000
      },
      "latency_ns" : {
        "2" : 0.000000,
        "4" : 0.000000,
        "10" : 0.000000,
        "20" : 0.000000,
        "50" : 0.000000,
        "100" : 0.000000,
        "250" : 0.000000,
        "500" : 0.000000,
        "750" : 0.000000,
        "1000" : 0.000000
      },
      "latency_us" : {
        "2" : 0.033244,
        "4" : 0.010000,
        "10" : 0.000000,
        "20" : 0.030473,
        "50" : 15.369698,
        "100" : 31.858603,
        "250" : 2.327063,
        "500" : 0.365681,
        "750" : 0.041555,
        "1000" : 0.011081
      },
      "latency_ms" : {
        "2" : 0.049866,
        "4" : 0.130205,
        "10" : 19.466992,
        "20" : 24.974375,
        "50" : 3.324376,
        "100" : 0.149597,
        "250" : 0.257639,
        "500" : 1.249411,
        "750" : 0.000000,
        "1000" : 0.132975,
        "2000" : 0.221625,
        ">=2000" : 0.000000
      },
      "latency_depth" : 16,
      "latency_target" : 0,
      "latency_percentile" : 100.000000,
      "latency_window" : 0
    }
  ],
  "disk_util" : [
    {
      "name" : "sda",
      "read_ios" : 17912,
      "write_ios" : 17927,
      "read_merges" : 0,
      "write_merges" : 0,
      "read_ticks" : 476261,
      "write_ticks" : 1066,
      "in_queue" : 477327,
      "util" : 99.843161
    }
  ]
}
