{
  "fio version" : "fio-3.33",
  "timestamp" : 1727438509,
  "timestamp_ms" : 1727438509357,
  "time" : "Fri Sep 27 19:01:49 2024",
  "jobs" : [
    {
      "jobname" : "file",
      "groupid" : 0,
      "error" : 0,
      "eta" : 0,
      "elapsed" : 31,
      "job options" : {
        "rw" : "rw",
        "size" : "80%",
        "rwmixread" : "100",
        "bs" : "1024k",
        "ioengine" : "libaio",
        "iodepth" : "16",
        "direct" : "1",
        "runtime" : "30",
        "numjobs" : "1",
        "filename" : "/dev/sda"
      },
      "read" : {
        "io_bytes" : 9188671488,
        "io_kbytes" : 8973312,
        "bw_bytes" : 305911758,
        "bw" : 298741,
        "iops" : 291.740187,
        "runtime" : 30037,
        "total_ios" : 8763,
        "short_ios" : 0,
        "drop_ios" : 0,
        "slat_ns" : {
          "min" : 15960,
          "max" : 560683,
          "mean" : 32605.995321,
          "stddev" : 14937.654682,
          "N" : 8763
        },
        "clat_ns" : {
          "min" : 3188386,
          "max" : 116633259,
          "mean" : 54802318.076686,
          "stddev" : 17146242.437350,
          "N" : 8763,
          "percentile" : {
            "1.000000" : 30539776,
            "5.000000" : 32636928,
            "10.000000" : 33816576,
            "20.000000" : 36962304,
            "30.000000" : 40108032,
            "40.000000" : 44302336,
            "50.000000" : 55312384,
            "60.000000" : 61079552,
            "70.000000" : 66846720,
            "80.000000" : 71827456,
            "90.000000" : 77070336,
            "95.000000" : 81264640,
            "99.000000" : 92798976,
            "99.500000" : 98041856,
            "99.900000" : 106430464,
            "99.950000" : 112721920,
            "99.990000" : 116916224
          }
        },
        "lat_ns" : {
          "min" : 3369280,
          "max" : 116657380,
          "mean" : 54834924.072007,
          "stddev" : 17147842.316639,
          "N" : 8763
        },
        "bw_min" : 206848,
        "bw_max" : 491520,
        "bw_agg" : 99.787124,
        "bw_mean" : 298106.694915,
        "bw_dev" : 91115.513726,
        "bw_samples" : 59,
        "iops_min" : 202,
        "iops_max" : 480,
        "iops_mean" : 290.949153,
        "iops_stddev" : 89.034171,
        "iops_samples" : 59
      },
      "write" : {
        "io_bytes" : 0,
        "io_kbytes" : 0,
        "bw_bytes" : 0,
        "bw" : 0,
        "iops" : 0.000000,
        "runtime" : 0,
        "total_ios" : 0,
        "short_ios" : 0,
        "drop_ios" : 0,
        "slat_ns" : {
          "min" : 0,
          "max" : 0,
          "mean" : 0.000000,
          "stddev" : 0.000000,
          "N" : 0
        },
        "clat_ns" : {
          "min" : 0,
          "max" : 0,
          "mean" : 0.000000,
          "stddev" : 0.000000,
          "N" : 0
        },
        "lat_ns" : {
          "min" : 0,
          "max" : 0,
          "mean" : 0.000000,
          "stddev" : 0.000000,
          "N" : 0
        },
        "bw_min" : 0,
        "bw_max" : 0,
        "bw_agg" : 0.000000,
        "bw_mean" : 0.000000,
        "bw_dev" : 0.000000,
        "bw_samples" : 0,
        "iops_min" : 0,
        "iops_max" : 0,
        "iops_mean" : 0.000000,
        "iops_stddev" : 0.000000,
        "iops_samples" : 0
      },
      "trim" : {
        "io_bytes" : 0,
        "io_kbytes" : 0,
        "bw_bytes" : 0,
        "bw" : 0,
        "iops" : 0.000000,
        "runtime" : 0,
        "total_ios" : 0,
        "short_ios" : 0,
        "drop_ios" : 0,
        "slat_ns" : {
          "min" : 0,
          "max" : 0,
          "mean" : 0.000000,
          "stddev" : 0.000000,
          "N" : 0
        },
        "clat_ns" : {
          "min" : 0,
          "max" : 0,
          "mean" : 0.000000,
          "stddev" : 0.000000,
          "N" : 0
        },
        "lat_ns" : {
          "min" : 0,
          "max" : 0,
          "mean" : 0.000000,
          "stddev" : 0.000000,
          "N" : 0
        },
        "bw_min" : 0,
        "bw_max" : 0,
        "bw_agg" : 0.000000,
        "bw_mean" : 0.000000,
        "bw_dev" : 0.000000,
        "bw_samples" : 0,
        "iops_min" : 0,
        "iops_max" : 0,
        "iops_mean" : 0.000000,
        "iops_stddev" : 0.000000,
        "iops_samples" : 0
      },
      "sync" : {
        "total_ios" : 0,
        "lat_ns" : {
          "min" : 0,
          "max" : 0,
          "mean" : 0.000000,
          "stddev" : 0.000000,
          "N" : 0
        }
      },
      "job_runtime" : 30036,
      "usr_cpu" : 0.066587,
      "sys_cpu" : 0.832335,
      "ctx" : 17476,
      "majf" : 0,
      "minf" : 1,
      "iodepth_level" : {
        "1" : 0.100000,
        "2" : 0.100000,
        "4" : 0.100000,
        "8" : 0.100000,
        "16" : 99.828826,
        "32" : 0.000000,
        ">=64" : 0.000000
      },
      "iodepth_submit" : {
        "0" : 0.000000,
        "4" : 100.000000,
        "8" : 0.000000,
        "16" : 0.000000,
        "32" : 0.000000,
        "64" : 0.000000,
        ">=64" : 0.000000
      },
      "iodepth_complete" : {
        "0" : 0.000000,
        "4" : 99.988570,
        "8" : 0.000000,
        "16" : 0.100000,
        "32" : 0.000000,
        "64" : 0.000000,
        ">=64" : 0.000000
      },
      "latency_ns" : {
        "2" : 0.000000,
        "4" : 0.000000,
        "10" : 0.000000,
        "20" : 0.000000,
        "50" : 0.000000,
        "100" : 0.000000,
        "250" : 0.000000,
        "500" : 0.000000,
        "750" : 0.000000,
        "1000" : 0.000000
      },
      "latency_us" : {
        "2" : 0.000000,
        "4" : 0.000000,
        "10" : 0.000000,
        "20" : 0.000000,
        "50" : 0.000000,
        "100" : 0.000000,
        "250" : 0.000000,
        "500" : 0.000000,
        "750" : 0.000000,
        "1000" : 0.000000
      },
      "latency_ms" : {
        "2" : 0.000000,
        "4" : 0.011412,
        "10" : 0.022823,
        "20" : 0.079881,
        "50" : 43.717905,
        "100" : 55.859865,
        "250" : 0.308114,
        "500" : 0.000000,
        "750" : 0.000000,
        "1000" : 0.000000,
        "2000" : 0.000000,
        ">=2000" : 0.000000
      },
      "latency_depth" : 16,
      "latency_target" : 0,
      "latency_percentile" : 100.000000,
      "latency_window" : 0
    }
  ],
  "disk_util" : [
    {
      "name" : "sda",
      "read_ios" : 8758,
      "write_ios" : 0,
      "read_merges" : 0,
      "write_merges" : 0,
      "read_ticks" : 477973,
      "write_ticks" : 0,
      "in_queue" : 477973,
      "util" : 99.906555
    }
  ]
}
