{
  "fio version" : "fio-3.33",
  "timestamp" : 1727438327,
  "timestamp_ms" : 1727438327227,
  "time" : "Fri Sep 27 18:58:47 2024",
  "jobs" : [
    {
      "jobname" : "file",
      "groupid" : 0,
      "error" : 0,
      "eta" : 0,
      "elapsed" : 31,
      "job options" : {
        "rw" : "rw",
        "size" : "80%",
        "rwmixread" : "100",
        "bs" : "16k",
        "ioengine" : "libaio",
        "iodepth" : "16",
        "direct" : "1",
        "runtime" : "30",
        "numjobs" : "1",
        "filename" : "/dev/sda"
      },
      "read" : {
        "io_bytes" : 7225769984,
        "io_kbytes" : 7056416,
        "bw_bytes" : 240850971,
        "bw" : 235206,
        "iops" : 14700.376654,
        "runtime" : 30001,
        "total_ios" : 441026,
        "short_ios" : 0,
        "drop_ios" : 0,
        "slat_ns" : {
          "min" : 2041,
          "max" : 15328234,
          "mean" : 23392.948019,
          "stddev" : 30667.264895,
          "N" : 441026
        },
        "clat_ns" : {
          "min" : 96401,
          "max" : 507357655,
          "mean" : 1064254.727163,
          "stddev" : 2363435.352282,
          "N" : 441026,
          "percentile" : {
            "1.000000" : 354304,
            "5.000000" : 440320,
            "10.000000" : 489472,
            "20.000000" : 552960,
            "30.000000" : 618496,
            "40.000000" : 692224,
            "50.000000" : 790528,
            "60.000000" : 905216,
            "70.000000" : 1056768,
            "80.000000" : 1269760,
            "90.000000" : 1581056,
            "95.000000" : 2039808,
            "99.000000" : 5472256,
            "99.500000" : 5734400,
            "99.900000" : 7110656,
            "99.950000" : 10551296,
            "99.990000" : 31326208
          }
        },
        "lat_ns" : {
          "min" : 224341,
          "max" : 507379599,
          "mean" : 1087647.675182,
          "stddev" : 2363172.731459,
          "N" : 441026
        },
        "bw_min" : 46626,
        "bw_max" : 395264,
        "bw_agg" : 100.000000,
        "bw_mean" : 235710.559322,
        "bw_dev" : 107003.360528,
        "bw_samples" : 59,
        "iops_min" : 2914,
        "iops_max" : 24704,
        "iops_mean" : 14731.779661,
        "iops_stddev" : 6687.721608,
        "iops_samples" : 59
      },
      "write" : {
        "io_bytes" : 0,
        "io_kbytes" : 0,
        "bw_bytes" : 0,
        "bw" : 0,
        "iops" : 0.000000,
        "runtime" : 0,
        "total_ios" : 0,
        "short_ios" : 0,
        "drop_ios" : 0,
        "slat_ns" : {
          "min" : 0,
          "max" : 0,
          "mean" : 0.000000,
          "stddev" : 0.000000,
          "N" : 0
        },
        "clat_ns" : {
          "min" : 0,
          "max" : 0,
          "mean" : 0.000000,
          "stddev" : 0.000000,
          "N" : 0
        },
        "lat_ns" : {
          "min" : 0,
          "max" : 0,
          "mean" : 0.000000,
          "stddev" : 0.000000,
          "N" : 0
        },
        "bw_min" : 0,
        "bw_max" : 0,
        "bw_agg" : 0.000000,
        "bw_mean" : 0.000000,
        "bw_dev" : 0.000000,
        "bw_samples" : 0,
        "iops_min" : 0,
        "iops_max" : 0,
        "iops_mean" : 0.000000,
        "iops_stddev" : 0.000000,
        "iops_samples" : 0
      },
      "trim" : {
        "io_bytes" : 0,
        "io_kbytes" : 0,
        "bw_bytes" : 0,
        "bw" : 0,
        "iops" : 0.000000,
        "runtime" : 0,
        "total_ios" : 0,
        "short_ios" : 0,
        "drop_ios" : 0,
        "slat_ns" : {
          "min" : 0,
          "max" : 0,
          "mean" : 0.000000,
          "stddev" : 0.000000,
          "N" : 0
        },
        "clat_ns" : {
          "min" : 0,
          "max" : 0,
          "mean" : 0.000000,
          "stddev" : 0.000000,
          "N" : 0
        },
        "lat_ns" : {
          "min" : 0,
          "max" : 0,
          "mean" : 0.000000,
          "stddev" : 0.000000,
          "N" : 0
        },
        "bw_min" : 0,
        "bw_max" : 0,
        "bw_agg" : 0.000000,
        "bw_mean" : 0.000000,
        "bw_dev" : 0.000000,
        "bw_samples" : 0,
        "iops_min" : 0,
        "iops_max" : 0,
        "iops_mean" : 0.000000,
        "iops_stddev" : 0.000000,
        "iops_samples" : 0
      },
      "sync" : {
        "total_ios" : 0,
        "lat_ns" : {
          "min" : 0,
          "max" : 0,
          "mean" : 0.000000,
          "stddev" : 0.000000,
          "N" : 0
        }
      },
      "job_runtime" : 30000,
      "usr_cpu" : 2.866667,
      "sys_cpu" : 13.286667,
      "ctx" : 564509,
      "majf" : 0,
      "minf" : 1,
      "iodepth_level" : {
        "1" : 0.100000,
        "2" : 0.100000,
        "4" : 0.100000,
        "8" : 0.100000,
        "16" : 99.996599,
        "32" : 0.000000,
        ">=64" : 0.000000
      },
      "iodepth_submit" : {
        "0" : 0.000000,
        "4" : 100.000000,
        "8" : 0.000000,
        "16" : 0.000000,
        "32" : 0.000000,
        "64" : 0.000000,
        ">=64" : 0.000000
      },
      "iodepth_complete" : {
        "0" : 0.000000,
        "4" : 99.999773,
        "8" : 0.000000,
        "16" : 0.100000,
        "32" : 0.000000,
        "64" : 0.000000,
        ">=64" : 0.000000
      },
      "latency_ns" : {
        "2" : 0.000000,
        "4" : 0.000000,
        "10" : 0.000000,
        "20" : 0.000000,
        "50" : 0.000000,
        "100" : 0.000000,
        "250" : 0.000000,
        "500" : 0.000000,
        "750" : 0.000000,
        "1000" : 0.000000
      },
      "latency_us" : {
        "2" : 0.000000,
        "4" : 0.000000,
        "10" : 0.000000,
        "20" : 0.000000,
        "50" : 0.000000,
        "100" : 0.010000,
        "250" : 0.056686,
        "500" : 11.533107,
        "750" : 34.536286,
        "1000" : 20.572710
      },
      "latency_ms" : {
        "2" : 28.139838,
        "4" : 1.615778,
        "10" : 3.494352,
        "20" : 0.036052,
        "50" : 0.010000,
        "100" : 0.010000,
        "250" : 0.010000,
        "500" : 0.010000,
        "750" : 0.010000,
        "1000" : 0.000000,
        "2000" : 0.000000,
        ">=2000" : 0.000000
      },
      "latency_depth" : 16,
      "latency_target" : 0,
      "latency_percentile" : 100.000000,
      "latency_window" : 0
    }
  ],
  "disk_util" : [
    {
      "name" : "sda",
      "read_ios" : 439361,
      "write_ios" : 0,
      "read_merges" : 103,
      "write_merges" : 0,
      "read_ticks" : 451748,
      "write_ticks" : 0,
      "in_queue" : 451748,
      "util" : 99.726320
    }
  ]
}
