{
  "fio version" : "fio-3.33",
  "timestamp" : 1727438448,
  "timestamp_ms" : 1727438448612,
  "time" : "Fri Sep 27 19:00:48 2024",
  "jobs" : [
    {
      "jobname" : "file",
      "groupid" : 0,
      "error" : 0,
      "eta" : 0,
      "elapsed" : 31,
      "job options" : {
        "rw" : "rw",
        "size" : "80%",
        "rwmixread" : "100",
        "bs" : "256k",
        "ioengine" : "libaio",
        "iodepth" : "16",
        "direct" : "1",
        "runtime" : "30",
        "numjobs" : "1",
        "filename" : "/dev/sda"
      },
      "read" : {
        "io_bytes" : 8860729344,
        "io_kbytes" : 8653056,
        "bw_bytes" : 295259225,
        "bw" : 288339,
        "iops" : 1126.324558,
        "runtime" : 30010,
        "total_ios" : 33801,
        "short_ios" : 0,
        "drop_ios" : 0,
        "slat_ns" : {
          "min" : 12948,
          "max" : 2133903,
          "mean" : 27986.044792,
          "stddev" : 19045.755235,
          "N" : 33801
        },
        "clat_ns" : {
          "min" : 723496,
          "max" : 76117169,
          "mean" : 14175284.754623,
          "stddev" : 5654701.963325,
          "N" : 33801,
          "percentile" : {
            "1.000000" : 6914048,
            "5.000000" : 7634944,
            "10.000000" : 7897088,
            "20.000000" : 8847360,
            "30.000000" : 9502720,
            "40.000000" : 11730944,
            "50.000000" : 13959168,
            "60.000000" : 15269888,
            "70.000000" : 17170432,
            "80.000000" : 19005440,
            "90.000000" : 20840448,
            "95.000000" : 22413312,
            "99.000000" : 33423360,
            "99.500000" : 38010880,
            "99.900000" : 50069504,
            "99.950000" : 52166656,
            "99.990000" : 57409536
          }
        },
        "lat_ns" : {
          "min" : 794971,
          "max" : 76149640,
          "mean" : 14203270.799414,
          "stddev" : 5654126.226426,
          "N" : 33801
        },
        "bw_min" : 198884,
        "bw_max" : 507392,
        "bw_agg" : 99.617434,
        "bw_mean" : 287236.983051,
        "bw_dev" : 93963.907507,
        "bw_samples" : 59,
        "iops_min" : 776,
        "iops_max" : 1982,
        "iops_mean" : 1121.830508,
        "iops_stddev" : 367.051493,
        "iops_samples" : 59
      },
      "write" : {
        "io_bytes" : 0,
        "io_kbytes" : 0,
        "bw_bytes" : 0,
        "bw" : 0,
        "iops" : 0.000000,
        "runtime" : 0,
        "total_ios" : 0,
        "short_ios" : 0,
        "drop_ios" : 0,
        "slat_ns" : {
          "min" : 0,
          "max" : 0,
          "mean" : 0.000000,
          "stddev" : 0.000000,
          "N" : 0
        },
        "clat_ns" : {
          "min" : 0,
          "max" : 0,
          "mean" : 0.000000,
          "stddev" : 0.000000,
          "N" : 0
        },
        "lat_ns" : {
          "min" : 0,
          "max" : 0,
          "mean" : 0.000000,
          "stddev" : 0.000000,
          "N" : 0
        },
        "bw_min" : 0,
        "bw_max" : 0,
        "bw_agg" : 0.000000,
        "bw_mean" : 0.000000,
        "bw_dev" : 0.000000,
        "bw_samples" : 0,
        "iops_min" : 0,
        "iops_max" : 0,
        "iops_mean" : 0.000000,
        "iops_stddev" : 0.000000,
        "iops_samples" : 0
      },
      "trim" : {
        "io_bytes" : 0,
        "io_kbytes" : 0,
        "bw_bytes" : 0,
        "bw" : 0,
        "iops" : 0.000000,
        "runtime" : 0,
        "total_ios" : 0,
        "short_ios" : 0,
        "drop_ios" : 0,
        "slat_ns" : {
          "min" : 0,
          "max" : 0,
          "mean" : 0.000000,
          "stddev" : 0.000000,
          "N" : 0
        },
        "clat_ns" : {
          "min" : 0,
          "max" : 0,
          "mean" : 0.000000,
          "stddev" : 0.000000,
          "N" : 0
        },
        "lat_ns" : {
          "min" : 0,
          "max" : 0,
          "mean" : 0.000000,
          "stddev" : 0.000000,
          "N" : 0
        },
        "bw_min" : 0,
        "bw_max" : 0,
        "bw_agg" : 0.000000,
        "bw_mean" : 0.000000,
        "bw_dev" : 0.000000,
        "bw_samples" : 0,
        "iops_min" : 0,
        "iops_max" : 0,
        "iops_mean" : 0.000000,
        "iops_stddev" : 0.000000,
        "iops_samples" : 0
      },
      "sync" : {
        "total_ios" : 0,
        "lat_ns" : {
          "min" : 0,
          "max" : 0,
          "mean" : 0.000000,
          "stddev" : 0.000000,
          "N" : 0
        }
      },
      "job_runtime" : 30009,
      "usr_cpu" : 0.556500,
      "sys_cpu" : 2.169349,
      "ctx" : 67258,
      "majf" : 0,
      "minf" : 1,
      "iodepth_level" : {
        "1" : 0.100000,
        "2" : 0.100000,
        "4" : 0.100000,
        "8" : 0.100000,
        "16" : 99.955623,
        "32" : 0.000000,
        ">=64" : 0.000000
      },
      "iodepth_submit" : {
        "0" : 0.000000,
        "4" : 100.000000,
        "8" : 0.000000,
        "16" : 0.000000,
        "32" : 0.000000,
        "64" : 0.000000,
        ">=64" : 0.000000
      },
      "iodepth_complete" : {
        "0" : 0.000000,
        "4" : 99.997040,
        "8" : 0.000000,
        "16" : 0.100000,
        "32" : 0.000000,
        "64" : 0.000000,
        ">=64" : 0.000000
      },
      "latency_ns" : {
        "2" : 0.000000,
        "4" : 0.000000,
        "10" : 0.000000,
        "20" : 0.000000,
        "50" : 0.000000,
        "100" : 0.000000,
        "250" : 0.000000,
        "500" : 0.000000,
        "750" : 0.000000,
        "1000" : 0.000000
      },
      "latency_us" : {
        "2" : 0.000000,
        "4" : 0.000000,
        "10" : 0.000000,
        "20" : 0.000000,
        "50" : 0.000000,
        "100" : 0.000000,
        "250" : 0.000000,
        "500" : 0.000000,
        "750" : 0.010000,
        "1000" : 0.000000
      },
      "latency_ms" : {
        "2" : 0.029585,
        "4" : 0.127215,
        "10" : 32.996065,
        "20" : 52.794296,
        "50" : 13.952250,
        "100" : 0.097630,
        "250" : 0.000000,
        "500" : 0.000000,
        "750" : 0.000000,
        "1000" : 0.000000,
        "2000" : 0.000000,
        ">=2000" : 0.000000
      },
      "latency_depth" : 16,
      "latency_target" : 0,
      "latency_percentile" : 100.000000,
      "latency_window" : 0
    }
  ],
  "disk_util" : [
    {
      "name" : "sda",
      "read_ios" : 33685,
      "write_ios" : 0,
      "read_merges" : 0,
      "write_merges" : 0,
      "read_ticks" : 477253,
      "write_ticks" : 0,
      "in_queue" : 477253,
      "util" : 99.833100
    }
  ]
}
