{
  "fio version" : "fio-3.33",
  "timestamp" : 1727438357,
  "timestamp_ms" : 1727438357588,
  "time" : "Fri Sep 27 18:59:17 2024",
  "jobs" : [
    {
      "jobname" : "file",
      "groupid" : 0,
      "error" : 0,
      "eta" : 0,
      "elapsed" : 31,
      "job options" : {
        "rw" : "rw",
        "size" : "80%",
        "rwmixread" : "100",
        "bs" : "32k",
        "ioengine" : "libaio",
        "iodepth" : "16",
        "direct" : "1",
        "runtime" : "30",
        "numjobs" : "1",
        "filename" : "/dev/sda"
      },
      "read" : {
        "io_bytes" : 9211248640,
        "io_kbytes" : 8995360,
        "bw_bytes" : 307021153,
        "bw" : 299825,
        "iops" : 9369.542031,
        "runtime" : 30002,
        "total_ios" : 281105,
        "short_ios" : 0,
        "drop_ios" : 0,
        "slat_ns" : {
          "min" : 2822,
          "max" : 17023091,
          "mean" : 25318.830789,
          "stddev" : 39716.331612,
          "N" : 281105
        },
        "clat_ns" : {
          "min" : 235508,
          "max" : 66997371,
          "mean" : 1681311.445033,
          "stddev" : 1195260.439985,
          "N" : 281105,
          "percentile" : {
            "1.000000" : 798720,
            "5.000000" : 921600,
            "10.000000" : 937984,
            "20.000000" : 970752,
            "30.000000" : 1019904,
            "40.000000" : 1155072,
            "50.000000" : 1515520,
            "60.000000" : 1744896,
            "70.000000" : 1974272,
            "80.000000" : 2342912,
            "90.000000" : 2736128,
            "95.000000" : 2998272,
            "99.000000" : 3620864,
            "99.500000" : 4112384,
            "99.900000" : 17432576,
            "99.950000" : 26345472,
            "99.990000" : 38535168
          }
        },
        "lat_ns" : {
          "min" : 274573,
          "max" : 67010329,
          "mean" : 1706630.275822,
          "stddev" : 1195588.096476,
          "N" : 281105
        },
        "bw_min" : 197184,
        "bw_max" : 493696,
        "bw_agg" : 99.374521,
        "bw_mean" : 297950.949153,
        "bw_dev" : 99019.552096,
        "bw_samples" : 59,
        "iops_min" : 6162,
        "iops_max" : 15428,
        "iops_mean" : 9310.881356,
        "iops_stddev" : 3094.358945,
        "iops_samples" : 59
      },
      "write" : {
        "io_bytes" : 0,
        "io_kbytes" : 0,
        "bw_bytes" : 0,
        "bw" : 0,
        "iops" : 0.000000,
        "runtime" : 0,
        "total_ios" : 0,
        "short_ios" : 0,
        "drop_ios" : 0,
        "slat_ns" : {
          "min" : 0,
          "max" : 0,
          "mean" : 0.000000,
          "stddev" : 0.000000,
          "N" : 0
        },
        "clat_ns" : {
          "min" : 0,
          "max" : 0,
          "mean" : 0.000000,
          "stddev" : 0.000000,
          "N" : 0
        },
        "lat_ns" : {
          "min" : 0,
          "max" : 0,
          "mean" : 0.000000,
          "stddev" : 0.000000,
          "N" : 0
        },
        "bw_min" : 0,
        "bw_max" : 0,
        "bw_agg" : 0.000000,
        "bw_mean" : 0.000000,
        "bw_dev" : 0.000000,
        "bw_samples" : 0,
        "iops_min" : 0,
        "iops_max" : 0,
        "iops_mean" : 0.000000,
        "iops_stddev" : 0.000000,
        "iops_samples" : 0
      },
      "trim" : {
        "io_bytes" : 0,
        "io_kbytes" : 0,
        "bw_bytes" : 0,
        "bw" : 0,
        "iops" : 0.000000,
        "runtime" : 0,
        "total_ios" : 0,
        "short_ios" : 0,
        "drop_ios" : 0,
        "slat_ns" : {
          "min" : 0,
          "max" : 0,
          "mean" : 0.000000,
          "stddev" : 0.000000,
          "N" : 0
        },
        "clat_ns" : {
          "min" : 0,
          "max" : 0,
          "mean" : 0.000000,
          "stddev" : 0.000000,
          "N" : 0
        },
        "lat_ns" : {
          "min" : 0,
          "max" : 0,
          "mean" : 0.000000,
          "stddev" : 0.000000,
          "N" : 0
        },
        "bw_min" : 0,
        "bw_max" : 0,
        "bw_agg" : 0.000000,
        "bw_mean" : 0.000000,
        "bw_dev" : 0.000000,
        "bw_samples" : 0,
        "iops_min" : 0,
        "iops_max" : 0,
        "iops_mean" : 0.000000,
        "iops_stddev" : 0.000000,
        "iops_samples" : 0
      },
      "sync" : {
        "total_ios" : 0,
        "lat_ns" : {
          "min" : 0,
          "max" : 0,
          "mean" : 0.000000,
          "stddev" : 0.000000,
          "N" : 0
        }
      },
      "job_runtime" : 30001,
      "usr_cpu" : 2.323256,
      "sys_cpu" : 13.262891,
      "ctx" : 493327,
      "majf" : 0,
      "minf" : 1,
      "iodepth_level" : {
        "1" : 0.100000,
        "2" : 0.100000,
        "4" : 0.100000,
        "8" : 0.100000,
        "16" : 99.994664,
        "32" : 0.000000,
        ">=64" : 0.000000
      },
      "iodepth_submit" : {
        "0" : 0.000000,
        "4" : 100.000000,
        "8" : 0.000000,
        "16" : 0.000000,
        "32" : 0.000000,
        "64" : 0.000000,
        ">=64" : 0.000000
      },
      "iodepth_complete" : {
        "0" : 0.000000,
        "4" : 99.999644,
        "8" : 0.000000,
        "16" : 0.100000,
        "32" : 0.000000,
        "64" : 0.000000,
        ">=64" : 0.000000
      },
      "latency_ns" : {
        "2" : 0.000000,
        "4" : 0.000000,
        "10" : 0.000000,
        "20" : 0.000000,
        "50" : 0.000000,
        "100" : 0.000000,
        "250" : 0.000000,
        "500" : 0.000000,
        "750" : 0.000000,
        "1000" : 0.000000
      },
      "latency_us" : {
        "2" : 0.000000,
        "4" : 0.000000,
        "10" : 0.000000,
        "20" : 0.000000,
        "50" : 0.000000,
        "100" : 0.000000,
        "250" : 0.010000,
        "500" : 0.103164,
        "750" : 0.637484,
        "1000" : 26.333932
      },
      "latency_ms" : {
        "2" : 43.665178,
        "4" : 28.681809,
        "10" : 0.452144,
        "20" : 0.040554,
        "50" : 0.077907,
        "100" : 0.010000,
        "250" : 0.000000,
        "500" : 0.000000,
        "750" : 0.000000,
        "1000" : 0.000000,
        "2000" : 0.000000,
        ">=2000" : 0.000000
      },
      "latency_depth" : 16,
      "latency_target" : 0,
      "latency_percentile" : 100.000000,
      "latency_window" : 0
    }
  ],
  "disk_util" : [
    {
      "name" : "sda",
      "read_ios" : 279658,
      "write_ios" : 0,
      "read_merges" : 31,
      "write_merges" : 0,
      "read_ticks" : 468792,
      "write_ticks" : 0,
      "in_queue" : 468791,
      "util" : 99.419342
    }
  ]
}
