{
  "fio version" : "fio-3.33",
  "timestamp" : 1727438266,
  "timestamp_ms" : 1727438266548,
  "time" : "Fri Sep 27 18:57:46 2024",
  "jobs" : [
    {
      "jobname" : "file",
      "groupid" : 0,
      "error" : 0,
      "eta" : 0,
      "elapsed" : 31,
      "job options" : {
        "rw" : "rw",
        "size" : "80%",
        "rwmixread" : "100",
        "bs" : "4k",
        "ioengine" : "libaio",
        "iodepth" : "16",
        "direct" : "1",
        "runtime" : "30",
        "numjobs" : "1",
        "filename" : "/dev/sda"
      },
      "read" : {
        "io_bytes" : 627179520,
        "io_kbytes" : 612480,
        "bw_bytes" : 20903196,
        "bw" : 20413,
        "iops" : 5103.319557,
        "runtime" : 30004,
        "total_ios" : 153120,
        "short_ios" : 0,
        "drop_ios" : 0,
        "slat_ns" : {
          "min" : 2041,
          "max" : 539900,
          "mean" : 18641.476221,
          "stddev" : 6930.682781,
          "N" : 153120
        },
        "clat_ns" : {
          "min" : 199005,
          "max" : 509963806,
          "mean" : 3115407.396467,
          "stddev" : 2667828.848199,
          "N" : 153120,
          "percentile" : {
            "1.000000" : 440320,
            "5.000000" : 1011712,
            "10.000000" : 1794048,
            "20.000000" : 3031040,
            "30.000000" : 3194880,
            "40.000000" : 3227648,
            "50.000000" : 3260416,
            "60.000000" : 3358720,
            "70.000000" : 3424256,
            "80.000000" : 3457024,
            "90.000000" : 3555328,
            "95.000000" : 3588096,
            "99.000000" : 4423680,
            "99.500000" : 6914048,
            "99.900000" : 15007744,
            "99.950000" : 25034752,
            "99.990000" : 51118080
          }
        },
        "lat_ns" : {
          "min" : 215745,
          "max" : 509981107,
          "mean" : 3134048.872688,
          "stddev" : 2667910.760641,
          "N" : 153120
        },
        "bw_min" : 16344,
        "bw_max" : 30483,
        "bw_agg" : 100.000000,
        "bw_mean" : 20463.169492,
        "bw_dev" : 3705.908112,
        "bw_samples" : 59,
        "iops_min" : 4086,
        "iops_max" : 7620,
        "iops_mean" : 5115.728814,
        "iops_stddev" : 926.468766,
        "iops_samples" : 59
      },
      "write" : {
        "io_bytes" : 0,
        "io_kbytes" : 0,
        "bw_bytes" : 0,
        "bw" : 0,
        "iops" : 0.000000,
        "runtime" : 0,
        "total_ios" : 0,
        "short_ios" : 0,
        "drop_ios" : 0,
        "slat_ns" : {
          "min" : 0,
          "max" : 0,
          "mean" : 0.000000,
          "stddev" : 0.000000,
          "N" : 0
        },
        "clat_ns" : {
          "min" : 0,
          "max" : 0,
          "mean" : 0.000000,
          "stddev" : 0.000000,
          "N" : 0
        },
        "lat_ns" : {
          "min" : 0,
          "max" : 0,
          "mean" : 0.000000,
          "stddev" : 0.000000,
          "N" : 0
        },
        "bw_min" : 0,
        "bw_max" : 0,
        "bw_agg" : 0.000000,
        "bw_mean" : 0.000000,
        "bw_dev" : 0.000000,
        "bw_samples" : 0,
        "iops_min" : 0,
        "iops_max" : 0,
        "iops_mean" : 0.000000,
        "iops_stddev" : 0.000000,
        "iops_samples" : 0
      },
      "trim" : {
        "io_bytes" : 0,
        "io_kbytes" : 0,
        "bw_bytes" : 0,
        "bw" : 0,
        "iops" : 0.000000,
        "runtime" : 0,
        "total_ios" : 0,
        "short_ios" : 0,
        "drop_ios" : 0,
        "slat_ns" : {
          "min" : 0,
          "max" : 0,
          "mean" : 0.000000,
          "stddev" : 0.000000,
          "N" : 0
        },
        "clat_ns" : {
          "min" : 0,
          "max" : 0,
          "mean" : 0.000000,
          "stddev" : 0.000000,
          "N" : 0
        },
        "lat_ns" : {
          "min" : 0,
          "max" : 0,
          "mean" : 0.000000,
          "stddev" : 0.000000,
          "N" : 0
        },
        "bw_min" : 0,
        "bw_max" : 0,
        "bw_agg" : 0.000000,
        "bw_mean" : 0.000000,
        "bw_dev" : 0.000000,
        "bw_samples" : 0,
        "iops_min" : 0,
        "iops_max" : 0,
        "iops_mean" : 0.000000,
        "iops_stddev" : 0.000000,
        "iops_samples" : 0
      },
      "sync" : {
        "total_ios" : 0,
        "lat_ns" : {
          "min" : 0,
          "max" : 0,
          "mean" : 0.000000,
          "stddev" : 0.000000,
          "N" : 0
        }
      },
      "job_runtime" : 30003,
      "usr_cpu" : 1.726494,
      "sys_cpu" : 6.269373,
      "ctx" : 290081,
      "majf" : 0,
      "minf" : 1,
      "iodepth_level" : {
        "1" : 0.100000,
        "2" : 0.100000,
        "4" : 0.100000,
        "8" : 0.100000,
        "16" : 99.990204,
        "32" : 0.000000,
        ">=64" : 0.000000
      },
      "iodepth_submit" : {
        "0" : 0.000000,
        "4" : 100.000000,
        "8" : 0.000000,
        "16" : 0.000000,
        "32" : 0.000000,
        "64" : 0.000000,
        ">=64" : 0.000000
      },
      "iodepth_complete" : {
        "0" : 0.000000,
        "4" : 99.999347,
        "8" : 0.000000,
        "16" : 0.100000,
        "32" : 0.000000,
        "64" : 0.000000,
        ">=64" : 0.000000
      },
      "latency_ns" : {
        "2" : 0.000000,
        "4" : 0.000000,
        "10" : 0.000000,
        "20" : 0.000000,
        "50" : 0.000000,
        "100" : 0.000000,
        "250" : 0.000000,
        "500" : 0.000000,
        "750" : 0.000000,
        "1000" : 0.000000
      },
      "latency_us" : {
        "2" : 0.000000,
        "4" : 0.000000,
        "10" : 0.000000,
        "20" : 0.000000,
        "50" : 0.000000,
        "100" : 0.000000,
        "250" : 0.022205,
        "500" : 1.408699,
        "750" : 1.667320,
        "1000" : 1.786834
      },
      "latency_ms" : {
        "2" : 6.509274,
        "4" : 87.102273,
        "10" : 1.266980,
        "20" : 0.149556,
        "50" : 0.072492,
        "100" : 0.010449,
        "250" : 0.010000,
        "500" : 0.010000,
        "750" : 0.010000,
        "1000" : 0.000000,
        "2000" : 0.000000,
        ">=2000" : 0.000000
      },
      "latency_depth" : 16,
      "latency_target" : 0,
      "latency_percentile" : 100.000000,
      "latency_window" : 0
    }
  ],
  "disk_util" : [
    {
      "name" : "sda",
      "read_ios" : 152649,
      "write_ios" : 0,
      "read_merges" : 2,
      "write_merges" : 0,
      "read_ticks" : 473589,
      "write_ticks" : 0,
      "in_queue" : 473589,
      "util" : 99.803064
    }
  ]
}
