{
  "fio version" : "fio-3.33",
  "timestamp" : 1727438478,
  "timestamp_ms" : 1727438478977,
  "time" : "Fri Sep 27 19:01:18 2024",
  "jobs" : [
    {
      "jobname" : "file",
      "groupid" : 0,
      "error" : 0,
      "eta" : 0,
      "elapsed" : 31,
      "job options" : {
        "rw" : "rw",
        "size" : "80%",
        "rwmixread" : "100",
        "bs" : "512k",
        "ioengine" : "libaio",
        "iodepth" : "16",
        "direct" : "1",
        "runtime" : "30",
        "numjobs" : "1",
        "filename" : "/dev/sda"
      },
      "read" : {
        "io_bytes" : 8919187456,
        "io_kbytes" : 8710144,
        "bw_bytes" : 297098279,
        "bw" : 290135,
        "iops" : 566.669998,
        "runtime" : 30021,
        "total_ios" : 17012,
        "short_ios" : 0,
        "drop_ios" : 0,
        "slat_ns" : {
          "min" : 13729,
          "max" : 580380,
          "mean" : 29702.395250,
          "stddev" : 12230.751393,
          "N" : 17012
        },
        "clat_ns" : {
          "min" : 1255559,
          "max" : 103526333,
          "mean" : 28202328.552375,
          "stddev" : 9774751.241108,
          "N" : 17012,
          "percentile" : {
            "1.000000" : 14876672,
            "5.000000" : 16318464,
            "10.000000" : 17170432,
            "20.000000" : 18481152,
            "30.000000" : 20054016,
            "40.000000" : 24510464,
            "50.000000" : 27918336,
            "60.000000" : 30539776,
            "70.000000" : 33816576,
            "80.000000" : 36962304,
            "90.000000" : 40108032,
            "95.000000" : 43253760,
            "99.000000" : 55836672,
            "99.500000" : 60030976,
            "99.900000" : 78118912,
            "99.950000" : 92798976,
            "99.990000" : 103284736
          }
        },
        "lat_ns" : {
          "min" : 1289651,
          "max" : 103595447,
          "mean" : 28232030.947625,
          "stddev" : 9774742.585068,
          "N" : 17012
        },
        "bw_min" : 197632,
        "bw_max" : 442368,
        "bw_agg" : 99.471957,
        "bw_mean" : 288603.610169,
        "bw_dev" : 84155.536232,
        "bw_samples" : 59,
        "iops_min" : 386,
        "iops_max" : 864,
        "iops_mean" : 563.576271,
        "iops_stddev" : 164.339871,
        "iops_samples" : 59
      },
      "write" : {
        "io_bytes" : 0,
        "io_kbytes" : 0,
        "bw_bytes" : 0,
        "bw" : 0,
        "iops" : 0.000000,
        "runtime" : 0,
        "total_ios" : 0,
        "short_ios" : 0,
        "drop_ios" : 0,
        "slat_ns" : {
          "min" : 0,
          "max" : 0,
          "mean" : 0.000000,
          "stddev" : 0.000000,
          "N" : 0
        },
        "clat_ns" : {
          "min" : 0,
          "max" : 0,
          "mean" : 0.000000,
          "stddev" : 0.000000,
          "N" : 0
        },
        "lat_ns" : {
          "min" : 0,
          "max" : 0,
          "mean" : 0.000000,
          "stddev" : 0.000000,
          "N" : 0
        },
        "bw_min" : 0,
        "bw_max" : 0,
        "bw_agg" : 0.000000,
        "bw_mean" : 0.000000,
        "bw_dev" : 0.000000,
        "bw_samples" : 0,
        "iops_min" : 0,
        "iops_max" : 0,
        "iops_mean" : 0.000000,
        "iops_stddev" : 0.000000,
        "iops_samples" : 0
      },
      "trim" : {
        "io_bytes" : 0,
        "io_kbytes" : 0,
        "bw_bytes" : 0,
        "bw" : 0,
        "iops" : 0.000000,
        "runtime" : 0,
        "total_ios" : 0,
        "short_ios" : 0,
        "drop_ios" : 0,
        "slat_ns" : {
          "min" : 0,
          "max" : 0,
          "mean" : 0.000000,
          "stddev" : 0.000000,
          "N" : 0
        },
        "clat_ns" : {
          "min" : 0,
          "max" : 0,
          "mean" : 0.000000,
          "stddev" : 0.000000,
          "N" : 0
        },
        "lat_ns" : {
          "min" : 0,
          "max" : 0,
          "mean" : 0.000000,
          "stddev" : 0.000000,
          "N" : 0
        },
        "bw_min" : 0,
        "bw_max" : 0,
        "bw_agg" : 0.000000,
        "bw_mean" : 0.000000,
        "bw_dev" : 0.000000,
        "bw_samples" : 0,
        "iops_min" : 0,
        "iops_max" : 0,
        "iops_mean" : 0.000000,
        "iops_stddev" : 0.000000,
        "iops_samples" : 0
      },
      "sync" : {
        "total_ios" : 0,
        "lat_ns" : {
          "min" : 0,
          "max" : 0,
          "mean" : 0.000000,
          "stddev" : 0.000000,
          "N" : 0
        }
      },
      "job_runtime" : 30020,
      "usr_cpu" : 0.453031,
      "sys_cpu" : 1.079280,
      "ctx" : 33856,
      "majf" : 0,
      "minf" : 1,
      "iodepth_level" : {
        "1" : 0.100000,
        "2" : 0.100000,
        "4" : 0.100000,
        "8" : 0.100000,
        "16" : 99.911827,
        "32" : 0.000000,
        ">=64" : 0.000000
      },
      "iodepth_submit" : {
        "0" : 0.000000,
        "4" : 100.000000,
        "8" : 0.000000,
        "16" : 0.000000,
        "32" : 0.000000,
        "64" : 0.000000,
        ">=64" : 0.000000
      },
      "iodepth_complete" : {
        "0" : 0.000000,
        "4" : 99.994117,
        "8" : 0.000000,
        "16" : 0.100000,
        "32" : 0.000000,
        "64" : 0.000000,
        ">=64" : 0.000000
      },
      "latency_ns" : {
        "2" : 0.000000,
        "4" : 0.000000,
        "10" : 0.000000,
        "20" : 0.000000,
        "50" : 0.000000,
        "100" : 0.000000,
        "250" : 0.000000,
        "500" : 0.000000,
        "750" : 0.000000,
        "1000" : 0.000000
      },
      "latency_us" : {
        "2" : 0.000000,
        "4" : 0.000000,
        "10" : 0.000000,
        "20" : 0.000000,
        "50" : 0.000000,
        "100" : 0.000000,
        "250" : 0.000000,
        "500" : 0.000000,
        "750" : 0.000000,
        "1000" : 0.000000
      },
      "latency_ms" : {
        "2" : 0.017635,
        "4" : 0.041147,
        "10" : 0.235128,
        "20" : 29.743710,
        "50" : 67.840348,
        "100" : 2.080884,
        "250" : 0.041147,
        "500" : 0.000000,
        "750" : 0.000000,
        "1000" : 0.000000,
        "2000" : 0.000000,
        ">=2000" : 0.000000
      },
      "latency_depth" : 16,
      "latency_target" : 0,
      "latency_percentile" : 100.000000,
      "latency_window" : 0
    }
  ],
  "disk_util" : [
    {
      "name" : "sda",
      "read_ios" : 16991,
      "write_ios" : 0,
      "read_merges" : 0,
      "write_merges" : 0,
      "read_ticks" : 478289,
      "write_ticks" : 0,
      "in_queue" : 478289,
      "util" : 99.879968
    }
  ]
}
