{
  "fio version" : "fio-3.33",
  "timestamp" : 1727438387,
  "timestamp_ms" : 1727438387918,
  "time" : "Fri Sep 27 18:59:47 2024",
  "jobs" : [
    {
      "jobname" : "file",
      "groupid" : 0,
      "error" : 0,
      "eta" : 0,
      "elapsed" : 31,
      "job options" : {
        "rw" : "rw",
        "size" : "80%",
        "rwmixread" : "100",
        "bs" : "64k",
        "ioengine" : "libaio",
        "iodepth" : "16",
        "direct" : "1",
        "runtime" : "30",
        "numjobs" : "1",
        "filename" : "/dev/sda"
      },
      "read" : {
        "io_bytes" : 9286909952,
        "io_kbytes" : 9069248,
        "bw_bytes" : 309532711,
        "bw" : 302278,
        "iops" : 4723.094357,
        "runtime" : 30003,
        "total_ios" : 141707,
        "short_ios" : 0,
        "drop_ios" : 0,
        "slat_ns" : {
          "min" : 13128,
          "max" : 15712216,
          "mean" : 23906.014932,
          "stddev" : 66570.849636,
          "N" : 141707
        },
        "clat_ns" : {
          "min" : 163112,
          "max" : 66376581,
          "mean" : 3362519.797851,
          "stddev" : 1814028.193951,
          "N" : 141707,
          "percentile" : {
            "1.000000" : 1662976,
            "5.000000" : 1859584,
            "10.000000" : 1875968,
            "20.000000" : 1925120,
            "30.000000" : 2007040,
            "40.000000" : 2473984,
            "50.000000" : 3063808,
            "60.000000" : 3555328,
            "70.000000" : 4145152,
            "80.000000" : 4751360,
            "90.000000" : 5341184,
            "95.000000" : 5734400,
            "99.000000" : 6651904,
            "99.500000" : 7634944,
            "99.900000" : 24510464,
            "99.950000" : 27131904,
            "99.990000" : 62652416
          }
        },
        "lat_ns" : {
          "min" : 307974,
          "max" : 66392091,
          "mean" : 3386425.812783,
          "stddev" : 1814966.782692,
          "N" : 141707
        },
        "bw_min" : 202347,
        "bw_max" : 508160,
        "bw_agg" : 99.290376,
        "bw_mean" : 300133.847458,
        "bw_dev" : 104542.495665,
        "bw_samples" : 59,
        "iops_min" : 3161,
        "iops_max" : 7940,
        "iops_mean" : 4689.508475,
        "iops_stddev" : 1633.497954,
        "iops_samples" : 59
      },
      "write" : {
        "io_bytes" : 0,
        "io_kbytes" : 0,
        "bw_bytes" : 0,
        "bw" : 0,
        "iops" : 0.000000,
        "runtime" : 0,
        "total_ios" : 0,
        "short_ios" : 0,
        "drop_ios" : 0,
        "slat_ns" : {
          "min" : 0,
          "max" : 0,
          "mean" : 0.000000,
          "stddev" : 0.000000,
          "N" : 0
        },
        "clat_ns" : {
          "min" : 0,
          "max" : 0,
          "mean" : 0.000000,
          "stddev" : 0.000000,
          "N" : 0
        },
        "lat_ns" : {
          "min" : 0,
          "max" : 0,
          "mean" : 0.000000,
          "stddev" : 0.000000,
          "N" : 0
        },
        "bw_min" : 0,
        "bw_max" : 0,
        "bw_agg" : 0.000000,
        "bw_mean" : 0.000000,
        "bw_dev" : 0.000000,
        "bw_samples" : 0,
        "iops_min" : 0,
        "iops_max" : 0,
        "iops_mean" : 0.000000,
        "iops_stddev" : 0.000000,
        "iops_samples" : 0
      },
      "trim" : {
        "io_bytes" : 0,
        "io_kbytes" : 0,
        "bw_bytes" : 0,
        "bw" : 0,
        "iops" : 0.000000,
        "runtime" : 0,
        "total_ios" : 0,
        "short_ios" : 0,
        "drop_ios" : 0,
        "slat_ns" : {
          "min" : 0,
          "max" : 0,
          "mean" : 0.000000,
          "stddev" : 0.000000,
          "N" : 0
        },
        "clat_ns" : {
          "min" : 0,
          "max" : 0,
          "mean" : 0.000000,
          "stddev" : 0.000000,
          "N" : 0
        },
        "lat_ns" : {
          "min" : 0,
          "max" : 0,
          "mean" : 0.000000,
          "stddev" : 0.000000,
          "N" : 0
        },
        "bw_min" : 0,
        "bw_max" : 0,
        "bw_agg" : 0.000000,
        "bw_mean" : 0.000000,
        "bw_dev" : 0.000000,
        "bw_samples" : 0,
        "iops_min" : 0,
        "iops_max" : 0,
        "iops_mean" : 0.000000,
        "iops_stddev" : 0.000000,
        "iops_samples" : 0
      },
      "sync" : {
        "total_ios" : 0,
        "lat_ns" : {
          "min" : 0,
          "max" : 0,
          "mean" : 0.000000,
          "stddev" : 0.000000,
          "N" : 0
        }
      },
      "job_runtime" : 30002,
      "usr_cpu" : 1.893207,
      "sys_cpu" : 7.159523,
      "ctx" : 279304,
      "majf" : 0,
      "minf" : 1,
      "iodepth_level" : {
        "1" : 0.100000,
        "2" : 0.100000,
        "4" : 0.100000,
        "8" : 0.100000,
        "16" : 99.989415,
        "32" : 0.000000,
        ">=64" : 0.000000
      },
      "iodepth_submit" : {
        "0" : 0.000000,
        "4" : 100.000000,
        "8" : 0.000000,
        "16" : 0.000000,
        "32" : 0.000000,
        "64" : 0.000000,
        ">=64" : 0.000000
      },
      "iodepth_complete" : {
        "0" : 0.000000,
        "4" : 99.999294,
        "8" : 0.000000,
        "16" : 0.100000,
        "32" : 0.000000,
        "64" : 0.000000,
        ">=64" : 0.000000
      },
      "latency_ns" : {
        "2" : 0.000000,
        "4" : 0.000000,
        "10" : 0.000000,
        "20" : 0.000000,
        "50" : 0.000000,
        "100" : 0.000000,
        "250" : 0.000000,
        "500" : 0.000000,
        "750" : 0.000000,
        "1000" : 0.000000
      },
      "latency_us" : {
        "2" : 0.000000,
        "4" : 0.000000,
        "10" : 0.000000,
        "20" : 0.000000,
        "50" : 0.000000,
        "100" : 0.000000,
        "250" : 0.010000,
        "500" : 0.030344,
        "750" : 0.069157,
        "1000" : 0.109381
      },
      "latency_ms" : {
        "2" : 28.723352,
        "4" : 38.911980,
        "10" : 31.869985,
        "20" : 0.125611,
        "50" : 0.148193,
        "100" : 0.011291,
        "250" : 0.000000,
        "500" : 0.000000,
        "750" : 0.000000,
        "1000" : 0.000000,
        "2000" : 0.000000,
        ">=2000" : 0.000000
      },
      "latency_depth" : 16,
      "latency_target" : 0,
      "latency_percentile" : 100.000000,
      "latency_window" : 0
    }
  ],
  "disk_util" : [
    {
      "name" : "sda",
      "read_ios" : 141035,
      "write_ios" : 0,
      "read_merges" : 0,
      "write_merges" : 0,
      "read_ticks" : 473443,
      "write_ticks" : 0,
      "in_queue" : 473443,
      "util" : 99.542739
    }
  ]
}
