{
  "fio version" : "fio-3.33",
  "timestamp" : 1727438296,
  "timestamp_ms" : 1727438296881,
  "time" : "Fri Sep 27 18:58:16 2024",
  "jobs" : [
    {
      "jobname" : "file",
      "groupid" : 0,
      "error" : 0,
      "eta" : 0,
      "elapsed" : 31,
      "job options" : {
        "rw" : "rw",
        "size" : "80%",
        "rwmixread" : "100",
        "bs" : "8k",
        "ioengine" : "libaio",
        "iodepth" : "16",
        "direct" : "1",
        "runtime" : "30",
        "numjobs" : "1",
        "filename" : "/dev/sda"
      },
      "read" : {
        "io_bytes" : 2339315712,
        "io_kbytes" : 2284488,
        "bw_bytes" : 77964196,
        "bw" : 76136,
        "iops" : 9517.113814,
        "runtime" : 30005,
        "total_ios" : 285561,
        "short_ios" : 0,
        "drop_ios" : 0,
        "slat_ns" : {
          "min" : 1912,
          "max" : 1227222,
          "mean" : 20032.863780,
          "stddev" : 16253.900418,
          "N" : 285561
        },
        "clat_ns" : {
          "min" : 191771,
          "max" : 504253623,
          "mean" : 1660331.176512,
          "stddev" : 3613442.115230,
          "N" : 285561,
          "percentile" : {
            "1.000000" : 284672,
            "5.000000" : 362496,
            "10.000000" : 411648,
            "20.000000" : 473088,
            "30.000000" : 522240,
            "40.000000" : 569344,
            "50.000000" : 626688,
            "60.000000" : 724992,
            "70.000000" : 3391488,
            "80.000000" : 3817472,
            "90.000000" : 3883008,
            "95.000000" : 3915776,
            "99.000000" : 4489216,
            "99.500000" : 5079040,
            "99.900000" : 10158080,
            "99.950000" : 15532032,
            "99.990000" : 128450560
          }
        },
        "lat_ns" : {
          "min" : 210212,
          "max" : 504264980,
          "mean" : 1680364.040293,
          "stddev" : 3613410.156525,
          "N" : 285561
        },
        "bw_min" : 28096,
        "bw_max" : 216912,
        "bw_agg" : 100.000000,
        "bw_mean" : 76679.864407,
        "bw_dev" : 56703.919627,
        "bw_samples" : 59,
        "iops_min" : 3512,
        "iops_max" : 27114,
        "iops_mean" : 9584.881356,
        "iops_stddev" : 7087.989292,
        "iops_samples" : 59
      },
      "write" : {
        "io_bytes" : 0,
        "io_kbytes" : 0,
        "bw_bytes" : 0,
        "bw" : 0,
        "iops" : 0.000000,
        "runtime" : 0,
        "total_ios" : 0,
        "short_ios" : 0,
        "drop_ios" : 0,
        "slat_ns" : {
          "min" : 0,
          "max" : 0,
          "mean" : 0.000000,
          "stddev" : 0.000000,
          "N" : 0
        },
        "clat_ns" : {
          "min" : 0,
          "max" : 0,
          "mean" : 0.000000,
          "stddev" : 0.000000,
          "N" : 0
        },
        "lat_ns" : {
          "min" : 0,
          "max" : 0,
          "mean" : 0.000000,
          "stddev" : 0.000000,
          "N" : 0
        },
        "bw_min" : 0,
        "bw_max" : 0,
        "bw_agg" : 0.000000,
        "bw_mean" : 0.000000,
        "bw_dev" : 0.000000,
        "bw_samples" : 0,
        "iops_min" : 0,
        "iops_max" : 0,
        "iops_mean" : 0.000000,
        "iops_stddev" : 0.000000,
        "iops_samples" : 0
      },
      "trim" : {
        "io_bytes" : 0,
        "io_kbytes" : 0,
        "bw_bytes" : 0,
        "bw" : 0,
        "iops" : 0.000000,
        "runtime" : 0,
        "total_ios" : 0,
        "short_ios" : 0,
        "drop_ios" : 0,
        "slat_ns" : {
          "min" : 0,
          "max" : 0,
          "mean" : 0.000000,
          "stddev" : 0.000000,
          "N" : 0
        },
        "clat_ns" : {
          "min" : 0,
          "max" : 0,
          "mean" : 0.000000,
          "stddev" : 0.000000,
          "N" : 0
        },
        "lat_ns" : {
          "min" : 0,
          "max" : 0,
          "mean" : 0.000000,
          "stddev" : 0.000000,
          "N" : 0
        },
        "bw_min" : 0,
        "bw_max" : 0,
        "bw_agg" : 0.000000,
        "bw_mean" : 0.000000,
        "bw_dev" : 0.000000,
        "bw_samples" : 0,
        "iops_min" : 0,
        "iops_max" : 0,
        "iops_mean" : 0.000000,
        "iops_stddev" : 0.000000,
        "iops_samples" : 0
      },
      "sync" : {
        "total_ios" : 0,
        "lat_ns" : {
          "min" : 0,
          "max" : 0,
          "mean" : 0.000000,
          "stddev" : 0.000000,
          "N" : 0
        }
      },
      "job_runtime" : 30004,
      "usr_cpu" : 1.823090,
      "sys_cpu" : 9.212105,
      "ctx" : 406385,
      "majf" : 0,
      "minf" : 1,
      "iodepth_level" : {
        "1" : 0.100000,
        "2" : 0.100000,
        "4" : 0.100000,
        "8" : 0.100000,
        "16" : 99.994747,
        "32" : 0.000000,
        ">=64" : 0.000000
      },
      "iodepth_submit" : {
        "0" : 0.000000,
        "4" : 100.000000,
        "8" : 0.000000,
        "16" : 0.000000,
        "32" : 0.000000,
        "64" : 0.000000,
        ">=64" : 0.000000
      },
      "iodepth_complete" : {
        "0" : 0.000000,
        "4" : 99.999650,
        "8" : 0.000000,
        "16" : 0.100000,
        "32" : 0.000000,
        "64" : 0.000000,
        ">=64" : 0.000000
      },
      "latency_ns" : {
        "2" : 0.000000,
        "4" : 0.000000,
        "10" : 0.000000,
        "20" : 0.000000,
        "50" : 0.000000,
        "100" : 0.000000,
        "250" : 0.000000,
        "500" : 0.000000,
        "750" : 0.000000,
        "1000" : 0.000000
      },
      "latency_us" : {
        "2" : 0.000000,
        "4" : 0.000000,
        "10" : 0.000000,
        "20" : 0.000000,
        "50" : 0.000000,
        "100" : 0.000000,
        "250" : 0.357542,
        "500" : 25.133334,
        "750" : 35.950287,
        "1000" : 3.957123
      },
      "latency_ms" : {
        "2" : 1.748138,
        "4" : 30.688014,
        "10" : 2.061556,
        "20" : 0.073890,
        "50" : 0.014358,
        "100" : 0.010000,
        "250" : 0.010000,
        "500" : 0.010000,
        "750" : 0.010000,
        "1000" : 0.000000,
        "2000" : 0.000000,
        ">=2000" : 0.000000
      },
      "latency_depth" : 16,
      "latency_target" : 0,
      "latency_percentile" : 100.000000,
      "latency_window" : 0
    }
  ],
  "disk_util" : [
    {
      "name" : "sda",
      "read_ios" : 285080,
      "write_ios" : 0,
      "read_merges" : 45,
      "write_merges" : 0,
      "read_ticks" : 459622,
      "write_ticks" : 0,
      "in_queue" : 459622,
      "util" : 99.799679
    }
  ]
}
