{
  "fio version" : "fio-3.33",
  "timestamp" : 1727438188,
  "timestamp_ms" : 1727438188940,
  "time" : "Fri Sep 27 18:56:28 2024",
  "jobs" : [
    {
      "jobname" : "file",
      "groupid" : 0,
      "error" : 0,
      "eta" : 0,
      "elapsed" : 31,
      "job options" : {
        "rw" : "rw",
        "size" : "80%",
        "rwmixread" : "50",
        "bs" : "1024k",
        "ioengine" : "libaio",
        "iodepth" : "16",
        "direct" : "1",
        "runtime" : "30",
        "numjobs" : "1",
        "filename" : "/dev/sda"
      },
      "read" : {
        "io_bytes" : 3321888768,
        "io_kbytes" : 3244032,
        "bw_bytes" : 110541704,
        "bw" : 107950,
        "iops" : 105.420785,
        "runtime" : 30051,
        "total_ios" : 3168,
        "short_ios" : 0,
        "drop_ios" : 0,
        "slat_ns" : {
          "min" : 16104,
          "max" : 744084,
          "mean" : 42708.225379,
          "stddev" : 43528.501061,
          "N" : 3168
        },
        "clat_ns" : {
          "min" : 2979275,
          "max" : 1846378588,
          "mean" : 78941934.040404,
          "stddev" : 141540107.259441,
          "N" : 3168,
          "percentile" : {
            "1.000000" : 29491200,
            "5.000000" : 39059456,
            "10.000000" : 42205184,
            "20.000000" : 46399488,
            "30.000000" : 49545216,
            "40.000000" : 52690944,
            "50.000000" : 55312384,
            "60.000000" : 59506688,
            "70.000000" : 63700992,
            "80.000000" : 69730304,
            "90.000000" : 81264640,
            "95.000000" : 96993280,
            "99.000000" : 952107008,
            "99.500000" : 1061158912,
            "99.900000" : 1652555776,
            "99.950000" : 1736441856,
            "99.990000" : 1853882368
          }
        },
        "lat_ns" : {
          "min" : 3082287,
          "max" : 1846398630,
          "mean" : 78984642.265783,
          "stddev" : 141540446.964947,
          "N" : 3168
        },
        "bw_min" : 2043,
        "bw_max" : 198656,
        "bw_agg" : 100.000000,
        "bw_mean" : 113403.877193,
        "bw_dev" : 58511.888937,
        "bw_samples" : 57,
        "iops_min" : 1,
        "iops_max" : 194,
        "iops_mean" : 110.526316,
        "iops_stddev" : 57.215166,
        "iops_samples" : 57
      },
      "write" : {
        "io_bytes" : 3461349376,
        "io_kbytes" : 3380224,
        "bw_bytes" : 115182502,
        "bw" : 112482,
        "iops" : 109.846594,
        "runtime" : 30051,
        "total_ios" : 3301,
        "short_ios" : 0,
        "drop_ios" : 0,
        "slat_ns" : {
          "min" : 16344,
          "max" : 1038755,
          "mean" : 47144.979703,
          "stddev" : 46014.399380,
          "N" : 3301
        },
        "clat_ns" : {
          "min" : 822749,
          "max" : 1659768271,
          "mean" : 69785598.611936,
          "stddev" : 134048903.855535,
          "N" : 3301,
          "percentile" : {
            "1.000000" : 23461888,
            "5.000000" : 27394048,
            "10.000000" : 29753344,
            "20.000000" : 34340864,
            "30.000000" : 39059456,
            "40.000000" : 43778048,
            "50.000000" : 47972352,
            "60.000000" : 51642368,
            "70.000000" : 56360960,
            "80.000000" : 62652416,
            "90.000000" : 72876032,
            "95.000000" : 90701824,
            "99.000000" : 926941184,
            "99.500000" : 952107008,
            "99.900000" : 1635778560,
            "99.950000" : 1652555776,
            "99.990000" : 1652555776
          }
        },
        "lat_ns" : {
          "min" : 847540,
          "max" : 1659785904,
          "mean" : 69832743.591639,
          "stddev" : 134049601.635932,
          "N" : 3301
        },
        "bw_min" : 2048,
        "bw_max" : 188039,
        "bw_agg" : 100.000000,
        "bw_mean" : 118357.368421,
        "bw_dev" : 60187.341650,
        "bw_samples" : 57,
        "iops_min" : 2,
        "iops_max" : 183,
        "iops_mean" : 115.368421,
        "iops_stddev" : 58.838954,
        "iops_samples" : 57
      },
      "trim" : {
        "io_bytes" : 0,
        "io_kbytes" : 0,
        "bw_bytes" : 0,
        "bw" : 0,
        "iops" : 0.000000,
        "runtime" : 0,
        "total_ios" : 0,
        "short_ios" : 0,
        "drop_ios" : 0,
        "slat_ns" : {
          "min" : 0,
          "max" : 0,
          "mean" : 0.000000,
          "stddev" : 0.000000,
          "N" : 0
        },
        "clat_ns" : {
          "min" : 0,
          "max" : 0,
          "mean" : 0.000000,
          "stddev" : 0.000000,
          "N" : 0
        },
        "lat_ns" : {
          "min" : 0,
          "max" : 0,
          "mean" : 0.000000,
          "stddev" : 0.000000,
          "N" : 0
        },
        "bw_min" : 0,
        "bw_max" : 0,
        "bw_agg" : 0.000000,
        "bw_mean" : 0.000000,
        "bw_dev" : 0.000000,
        "bw_samples" : 0,
        "iops_min" : 0,
        "iops_max" : 0,
        "iops_mean" : 0.000000,
        "iops_stddev" : 0.000000,
        "iops_samples" : 0
      },
      "sync" : {
        "total_ios" : 0,
        "lat_ns" : {
          "min" : 0,
          "max" : 0,
          "mean" : 0.000000,
          "stddev" : 0.000000,
          "N" : 0
        }
      },
      "job_runtime" : 30050,
      "usr_cpu" : 0.382696,
      "sys_cpu" : 0.618968,
      "ctx" : 7733,
      "majf" : 0,
      "minf" : 1,
      "iodepth_level" : {
        "1" : 0.100000,
        "2" : 0.100000,
        "4" : 0.100000,
        "8" : 0.123667,
        "16" : 99.768125,
        "32" : 0.000000,
        ">=64" : 0.000000
      },
      "iodepth_submit" : {
        "0" : 0.000000,
        "4" : 100.000000,
        "8" : 0.000000,
        "16" : 0.000000,
        "32" : 0.000000,
        "64" : 0.000000,
        ">=64" : 0.000000
      },
      "iodepth_complete" : {
        "0" : 0.000000,
        "4" : 99.984508,
        "8" : 0.000000,
        "16" : 0.100000,
        "32" : 0.000000,
        "64" : 0.000000,
        ">=64" : 0.000000
      },
      "latency_ns" : {
        "2" : 0.000000,
        "4" : 0.000000,
        "10" : 0.000000,
        "20" : 0.000000,
        "50" : 0.000000,
        "100" : 0.000000,
        "250" : 0.000000,
        "500" : 0.000000,
        "750" : 0.000000,
        "1000" : 0.000000
      },
      "latency_us" : {
        "2" : 0.000000,
        "4" : 0.000000,
        "10" : 0.000000,
        "20" : 0.000000,
        "50" : 0.000000,
        "100" : 0.000000,
        "250" : 0.000000,
        "500" : 0.000000,
        "750" : 0.000000,
        "1000" : 0.015458
      },
      "latency_ms" : {
        "2" : 0.030917,
        "4" : 0.015458,
        "10" : 0.046375,
        "20" : 0.170042,
        "50" : 43.051476,
        "100" : 52.233730,
        "250" : 1.824084,
        "500" : 0.432834,
        "750" : 0.602875,
        "1000" : 1.097542,
        "2000" : 0.479209,
        ">=2000" : 0.000000
      },
      "latency_depth" : 16,
      "latency_target" : 0,
      "latency_percentile" : 100.000000,
      "latency_window" : 0
    }
  ],
  "disk_util" : [
    {
      "name" : "sda",
      "read_ios" : 3401,
      "write_ios" : 3473,
      "read_merges" : 0,
      "write_merges" : 0,
      "read_ticks" : 265915,
      "write_ticks" : 239000,
      "in_queue" : 504916,
      "util" : 99.829836
    }
  ]
}
