{
  "fio version" : "fio-3.33",
  "timestamp" : 1727438097,
  "timestamp_ms" : 1727438097807,
  "time" : "Fri Sep 27 18:54:57 2024",
  "jobs" : [
    {
      "jobname" : "file",
      "groupid" : 0,
      "error" : 0,
      "eta" : 0,
      "elapsed" : 31,
      "job options" : {
        "rw" : "rw",
        "size" : "80%",
        "rwmixread" : "50",
        "bs" : "128k",
        "ioengine" : "libaio",
        "iodepth" : "16",
        "direct" : "1",
        "runtime" : "30",
        "numjobs" : "1",
        "filename" : "/dev/sda"
      },
      "read" : {
        "io_bytes" : 1162477568,
        "io_kbytes" : 1135232,
        "bw_bytes" : 38705386,
        "bw" : 37798,
        "iops" : 295.298662,
        "runtime" : 30034,
        "total_ios" : 8869,
        "short_ios" : 0,
        "drop_ios" : 0,
        "slat_ns" : {
          "min" : 2639,
          "max" : 531453,
          "mean" : 25881.657797,
          "stddev" : 19552.991759,
          "N" : 8869
        },
        "clat_ns" : {
          "min" : 1069,
          "max" : 2203779789,
          "mean" : 42603269.101928,
          "stddev" : 139910252.424059,
          "N" : 8869,
          "percentile" : {
            "1.000000" : 40704,
            "5.000000" : 58624,
            "10.000000" : 82432,
            "20.000000" : 2342912,
            "30.000000" : 5865472,
            "40.000000" : 11993088,
            "50.000000" : 15925248,
            "60.000000" : 21626880,
            "70.000000" : 31326208,
            "80.000000" : 45350912,
            "90.000000" : 64225280,
            "95.000000" : 89653248,
            "99.000000" : 918552576,
            "99.500000" : 985661440,
            "99.900000" : 2055208960,
            "99.950000" : 2055208960,
            "99.990000" : 2197815296
          }
        },
        "lat_ns" : {
          "min" : 43124,
          "max" : 2203824203,
          "mean" : 42629150.759725,
          "stddev" : 139909922.975590,
          "N" : 8869
        },
        "bw_min" : 512,
        "bw_max" : 160512,
        "bw_agg" : 100.000000,
        "bw_mean" : 43818.820000,
        "bw_dev" : 38011.415613,
        "bw_samples" : 50,
        "iops_min" : 4,
        "iops_max" : 1254,
        "iops_mean" : 342.140000,
        "iops_stddev" : 297.018793,
        "iops_samples" : 50
      },
      "write" : {
        "io_bytes" : 1164705792,
        "io_kbytes" : 1137408,
        "bw_bytes" : 38779576,
        "bw" : 37870,
        "iops" : 295.864687,
        "runtime" : 30034,
        "total_ios" : 8886,
        "short_ios" : 0,
        "drop_ios" : 0,
        "slat_ns" : {
          "min" : 3729,
          "max" : 558523,
          "mean" : 22043.838510,
          "stddev" : 21183.625187,
          "N" : 8886
        },
        "clat_ns" : {
          "min" : 11555,
          "max" : 2280034968,
          "mean" : 11304100.487846,
          "stddev" : 73947184.984691,
          "N" : 8886,
          "percentile" : {
            "1.000000" : 41728,
            "5.000000" : 48384,
            "10.000000" : 54016,
            "20.000000" : 62208,
            "30.000000" : 67072,
            "40.000000" : 74240,
            "50.000000" : 83456,
            "60.000000" : 96768,
            "70.000000" : 119296,
            "80.000000" : 175104,
            "90.000000" : 19267584,
            "95.000000" : 50069504,
            "99.000000" : 170917888,
            "99.500000" : 488636416,
            "99.900000" : 994050048,
            "99.950000" : 1002438656,
            "99.990000" : 2264924160
          }
        },
        "lat_ns" : {
          "min" : 42045,
          "max" : 2280065767,
          "mean" : 11326144.326356,
          "stddev" : 73946606.285030,
          "N" : 8886
        },
        "bw_min" : 255,
        "bw_max" : 165120,
        "bw_agg" : 100.000000,
        "bw_mean" : 43942.600000,
        "bw_dev" : 38423.636643,
        "bw_samples" : 50,
        "iops_min" : 1,
        "iops_max" : 1290,
        "iops_mean" : 343.080000,
        "iops_stddev" : 300.265314,
        "iops_samples" : 50
      },
      "trim" : {
        "io_bytes" : 0,
        "io_kbytes" : 0,
        "bw_bytes" : 0,
        "bw" : 0,
        "iops" : 0.000000,
        "runtime" : 0,
        "total_ios" : 0,
        "short_ios" : 0,
        "drop_ios" : 0,
        "slat_ns" : {
          "min" : 0,
          "max" : 0,
          "mean" : 0.000000,
          "stddev" : 0.000000,
          "N" : 0
        },
        "clat_ns" : {
          "min" : 0,
          "max" : 0,
          "mean" : 0.000000,
          "stddev" : 0.000000,
          "N" : 0
        },
        "lat_ns" : {
          "min" : 0,
          "max" : 0,
          "mean" : 0.000000,
          "stddev" : 0.000000,
          "N" : 0
        },
        "bw_min" : 0,
        "bw_max" : 0,
        "bw_agg" : 0.000000,
        "bw_mean" : 0.000000,
        "bw_dev" : 0.000000,
        "bw_samples" : 0,
        "iops_min" : 0,
        "iops_max" : 0,
        "iops_mean" : 0.000000,
        "iops_stddev" : 0.000000,
        "iops_samples" : 0
      },
      "sync" : {
        "total_ios" : 0,
        "lat_ns" : {
          "min" : 0,
          "max" : 0,
          "mean" : 0.000000,
          "stddev" : 0.000000,
          "N" : 0
        }
      },
      "job_runtime" : 30033,
      "usr_cpu" : 0.176473,
      "sys_cpu" : 1.315220,
      "ctx" : 22561,
      "majf" : 0,
      "minf" : 1,
      "iodepth_level" : {
        "1" : 0.100000,
        "2" : 0.100000,
        "4" : 0.100000,
        "8" : 0.100000,
        "16" : 99.915517,
        "32" : 0.000000,
        ">=64" : 0.000000
      },
      "iodepth_submit" : {
        "0" : 0.000000,
        "4" : 100.000000,
        "8" : 0.000000,
        "16" : 0.000000,
        "32" : 0.000000,
        "64" : 0.000000,
        ">=64" : 0.000000
      },
      "iodepth_complete" : {
        "0" : 0.000000,
        "4" : 99.994363,
        "8" : 0.000000,
        "16" : 0.100000,
        "32" : 0.000000,
        "64" : 0.000000,
        ">=64" : 0.000000
      },
      "latency_ns" : {
        "2" : 0.000000,
        "4" : 0.000000,
        "10" : 0.000000,
        "20" : 0.000000,
        "50" : 0.000000,
        "100" : 0.000000,
        "250" : 0.000000,
        "500" : 0.000000,
        "750" : 0.000000,
        "1000" : 0.000000
      },
      "latency_us" : {
        "2" : 0.011264,
        "4" : 0.000000,
        "10" : 0.000000,
        "20" : 0.230921,
        "50" : 4.426922,
        "100" : 32.419037,
        "250" : 14.001690,
        "500" : 2.033230,
        "750" : 0.191495,
        "1000" : 0.033793
      },
      "latency_ms" : {
        "2" : 0.056322,
        "4" : 2.083920,
        "10" : 5.975781,
        "20" : 12.559842,
        "50" : 14.790200,
        "100" : 8.245565,
        "250" : 1.419319,
        "500" : 0.411152,
        "750" : 0.360462,
        "1000" : 0.512532,
        "2000" : 0.174599,
        ">=2000" : 0.061954
      },
      "latency_depth" : 16,
      "latency_target" : 0,
      "latency_percentile" : 100.000000,
      "latency_window" : 0
    }
  ],
  "disk_util" : [
    {
      "name" : "sda",
      "read_ios" : 8788,
      "write_ios" : 8734,
      "read_merges" : 21,
      "write_merges" : 28,
      "read_ticks" : 382034,
      "write_ticks" : 96218,
      "in_queue" : 478252,
      "util" : 100.000000
    }
  ]
}
