{
  "fio version" : "fio-3.33",
  "timestamp" : 1727438001,
  "timestamp_ms" : 1727438001526,
  "time" : "Fri Sep 27 18:53:21 2024",
  "jobs" : [
    {
      "jobname" : "file",
      "groupid" : 0,
      "error" : 0,
      "eta" : 0,
      "elapsed" : 32,
      "job options" : {
        "rw" : "rw",
        "size" : "80%",
        "rwmixread" : "50",
        "bs" : "16k",
        "ioengine" : "libaio",
        "iodepth" : "16",
        "direct" : "1",
        "runtime" : "30",
        "numjobs" : "1",
        "filename" : "/dev/sda"
      },
      "read" : {
        "io_bytes" : 734461952,
        "io_kbytes" : 717248,
        "bw_bytes" : 23510305,
        "bw" : 22959,
        "iops" : 1434.955186,
        "runtime" : 31240,
        "total_ios" : 44828,
        "short_ios" : 0,
        "drop_ios" : 0,
        "slat_ns" : {
          "min" : 6738,
          "max" : 23951208,
          "mean" : 26974.641496,
          "stddev" : 116314.123368,
          "N" : 44828
        },
        "clat_ns" : {
          "min" : 700,
          "max" : 1523471514,
          "mean" : 8785424.457147,
          "stddev" : 70429915.214181,
          "N" : 44828,
          "percentile" : {
            "1.000000" : 35072,
            "5.000000" : 80384,
            "10.000000" : 179200,
            "20.000000" : 264192,
            "30.000000" : 296960,
            "40.000000" : 370688,
            "50.000000" : 485376,
            "60.000000" : 593920,
            "70.000000" : 724992,
            "80.000000" : 995328,
            "90.000000" : 2572288,
            "95.000000" : 26345472,
            "99.000000" : 168820736,
            "99.500000" : 459276288,
            "99.900000" : 1350565888,
            "99.950000" : 1484783616,
            "99.990000" : 1518338048
          }
        },
        "lat_ns" : {
          "min" : 33287,
          "max" : 1523512899,
          "mean" : 8812399.098644,
          "stddev" : 70429515.239445,
          "N" : 44828
        },
        "bw_min" : 32,
        "bw_max" : 87856,
        "bw_agg" : 100.000000,
        "bw_mean" : 27517.653846,
        "bw_dev" : 25792.728843,
        "bw_samples" : 52,
        "iops_min" : 2,
        "iops_max" : 5491,
        "iops_mean" : 1719.634615,
        "iops_stddev" : 1612.101503,
        "iops_samples" : 52
      },
      "write" : {
        "io_bytes" : 729612288,
        "io_kbytes" : 712512,
        "bw_bytes" : 23355066,
        "bw" : 22807,
        "iops" : 1425.480154,
        "runtime" : 31240,
        "total_ios" : 44532,
        "short_ios" : 0,
        "drop_ios" : 0,
        "slat_ns" : {
          "min" : 7077,
          "max" : 501104,
          "mean" : 21965.891381,
          "stddev" : 28294.122890,
          "N" : 44532
        },
        "clat_ns" : {
          "min" : 860,
          "max" : 1039628889,
          "mean" : 2329652.635835,
          "stddev" : 28220316.890413,
          "N" : 44532,
          "percentile" : {
            "1.000000" : 31360,
            "5.000000" : 48896,
            "10.000000" : 67072,
            "20.000000" : 126464,
            "30.000000" : 201728,
            "40.000000" : 254976,
            "50.000000" : 280576,
            "60.000000" : 313344,
            "70.000000" : 358400,
            "80.000000" : 415744,
            "90.000000" : 489472,
            "95.000000" : 569344,
            "99.000000" : 67633152,
            "99.500000" : 80216064,
            "99.900000" : 127401984,
            "99.950000" : 935329792,
            "99.990000" : 1035993088
          }
        },
        "lat_ns" : {
          "min" : 32827,
          "max" : 1039642584,
          "mean" : 2351618.527216,
          "stddev" : 28219830.396326,
          "N" : 44532
        },
        "bw_min" : 64,
        "bw_max" : 83864,
        "bw_agg" : 100.000000,
        "bw_mean" : 27881.901961,
        "bw_dev" : 25656.205092,
        "bw_samples" : 51,
        "iops_min" : 4,
        "iops_max" : 5241,
        "iops_mean" : 1742.372549,
        "iops_stddev" : 1603.554900,
        "iops_samples" : 51
      },
      "trim" : {
        "io_bytes" : 0,
        "io_kbytes" : 0,
        "bw_bytes" : 0,
        "bw" : 0,
        "iops" : 0.000000,
        "runtime" : 0,
        "total_ios" : 0,
        "short_ios" : 0,
        "drop_ios" : 0,
        "slat_ns" : {
          "min" : 0,
          "max" : 0,
          "mean" : 0.000000,
          "stddev" : 0.000000,
          "N" : 0
        },
        "clat_ns" : {
          "min" : 0,
          "max" : 0,
          "mean" : 0.000000,
          "stddev" : 0.000000,
          "N" : 0
        },
        "lat_ns" : {
          "min" : 0,
          "max" : 0,
          "mean" : 0.000000,
          "stddev" : 0.000000,
          "N" : 0
        },
        "bw_min" : 0,
        "bw_max" : 0,
        "bw_agg" : 0.000000,
        "bw_mean" : 0.000000,
        "bw_dev" : 0.000000,
        "bw_samples" : 0,
        "iops_min" : 0,
        "iops_max" : 0,
        "iops_mean" : 0.000000,
        "iops_stddev" : 0.000000,
        "iops_samples" : 0
      },
      "sync" : {
        "total_ios" : 0,
        "lat_ns" : {
          "min" : 0,
          "max" : 0,
          "mean" : 0.000000,
          "stddev" : 0.000000,
          "N" : 0
        }
      },
      "job_runtime" : 31239,
      "usr_cpu" : 0.256090,
      "sys_cpu" : 4.718461,
      "ctx" : 53621,
      "majf" : 0,
      "minf" : 1,
      "iodepth_level" : {
        "1" : 0.100000,
        "2" : 0.100000,
        "4" : 0.100000,
        "8" : 0.100000,
        "16" : 99.983214,
        "32" : 0.000000,
        ">=64" : 0.000000
      },
      "iodepth_submit" : {
        "0" : 0.000000,
        "4" : 100.000000,
        "8" : 0.000000,
        "16" : 0.000000,
        "32" : 0.000000,
        "64" : 0.000000,
        ">=64" : 0.000000
      },
      "iodepth_complete" : {
        "0" : 0.000000,
        "4" : 99.998881,
        "8" : 0.000000,
        "16" : 0.100000,
        "32" : 0.000000,
        "64" : 0.000000,
        ">=64" : 0.000000
      },
      "latency_ns" : {
        "2" : 0.000000,
        "4" : 0.000000,
        "10" : 0.000000,
        "20" : 0.000000,
        "50" : 0.000000,
        "100" : 0.000000,
        "250" : 0.000000,
        "500" : 0.000000,
        "750" : 0.010000,
        "1000" : 0.010000
      },
      "latency_us" : {
        "2" : 0.010000,
        "4" : 0.000000,
        "10" : 0.010000,
        "20" : 0.336840,
        "50" : 3.498209,
        "100" : 7.545882,
        "250" : 16.054163,
        "500" : 43.901074,
        "750" : 13.062892,
        "1000" : 4.522158
      },
      "latency_ms" : {
        "2" : 4.087959,
        "4" : 1.347359,
        "10" : 0.954566,
        "20" : 0.696061,
        "50" : 2.100492,
        "100" : 1.265667,
        "250" : 0.107431,
        "500" : 0.233885,
        "750" : 0.114145,
        "1000" : 0.082811,
        "2000" : 0.071620,
        ">=2000" : 0.000000
      },
      "latency_depth" : 16,
      "latency_target" : 0,
      "latency_percentile" : 100.000000,
      "latency_window" : 0
    }
  ],
  "disk_util" : [
    {
      "name" : "sda",
      "read_ios" : 44838,
      "write_ios" : 44532,
      "read_merges" : 0,
      "write_merges" : 0,
      "read_ticks" : 361594,
      "write_ticks" : 96003,
      "in_queue" : 457597,
      "util" : 99.820651
    }
  ]
}
