{
  "fio version" : "fio-3.33",
  "timestamp" : 1727438128,
  "timestamp_ms" : 1727438128166,
  "time" : "Fri Sep 27 18:55:28 2024",
  "jobs" : [
    {
      "jobname" : "file",
      "groupid" : 0,
      "error" : 0,
      "eta" : 0,
      "elapsed" : 31,
      "job options" : {
        "rw" : "rw",
        "size" : "80%",
        "rwmixread" : "50",
        "bs" : "256k",
        "ioengine" : "libaio",
        "iodepth" : "16",
        "direct" : "1",
        "runtime" : "30",
        "numjobs" : "1",
        "filename" : "/dev/sda"
      },
      "read" : {
        "io_bytes" : 1743519744,
        "io_kbytes" : 1702656,
        "bw_bytes" : 58059265,
        "bw" : 56698,
        "iops" : 221.478521,
        "runtime" : 30030,
        "total_ios" : 6651,
        "short_ios" : 0,
        "drop_ios" : 0,
        "slat_ns" : {
          "min" : 5668,
          "max" : 6810546,
          "mean" : 25916.458878,
          "stddev" : 84512.255500,
          "N" : 6651
        },
        "clat_ns" : {
          "min" : 49622,
          "max" : 1083470511,
          "mean" : 53324955.261615,
          "stddev" : 123921684.809699,
          "N" : 6651,
          "percentile" : {
            "1.000000" : 67072,
            "5.000000" : 8716288,
            "10.000000" : 11468800,
            "20.000000" : 16711680,
            "30.000000" : 19005440,
            "40.000000" : 20840448,
            "50.000000" : 23199744,
            "60.000000" : 26345472,
            "70.000000" : 32112640,
            "80.000000" : 42205184,
            "90.000000" : 71827456,
            "95.000000" : 149946368,
            "99.000000" : 759169024,
            "99.500000" : 968884224,
            "99.900000" : 1052770304,
            "99.950000" : 1082130432,
            "99.990000" : 1082130432
          }
        },
        "lat_ns" : {
          "min" : 66116,
          "max" : 1083494002,
          "mean" : 53350871.720493,
          "stddev" : 123922271.695700,
          "N" : 6651
        },
        "bw_min" : 2043,
        "bw_max" : 160768,
        "bw_agg" : 100.000000,
        "bw_mean" : 59501.053571,
        "bw_dev" : 56094.346744,
        "bw_samples" : 56,
        "iops_min" : 7,
        "iops_max" : 628,
        "iops_mean" : 232.142857,
        "iops_stddev" : 219.252567,
        "iops_samples" : 56
      },
      "write" : {
        "io_bytes" : 1754005504,
        "io_kbytes" : 1712896,
        "bw_bytes" : 58408441,
        "bw" : 57039,
        "iops" : 222.810523,
        "runtime" : 30030,
        "total_ios" : 6691,
        "short_ios" : 0,
        "drop_ios" : 0,
        "slat_ns" : {
          "min" : 10336,
          "max" : 791777,
          "mean" : 21843.365267,
          "stddev" : 17405.606328,
          "N" : 6691
        },
        "clat_ns" : {
          "min" : 15814,
          "max" : 1086422626,
          "mean" : 18749084.610522,
          "stddev" : 81208385.745869,
          "N" : 6691,
          "percentile" : {
            "1.000000" : 54528,
            "5.000000" : 62208,
            "10.000000" : 67072,
            "20.000000" : 76288,
            "30.000000" : 80384,
            "40.000000" : 87552,
            "50.000000" : 98816,
            "60.000000" : 118272,
            "70.000000" : 191488,
            "80.000000" : 22675456,
            "90.000000" : 34865152,
            "95.000000" : 56360960,
            "99.000000" : 450887680,
            "99.500000" : 750780416,
            "99.900000" : 1035993088,
            "99.950000" : 1061158912,
            "99.990000" : 1082130432
          }
        },
        "lat_ns" : {
          "min" : 56529,
          "max" : 1086444648,
          "mean" : 18770927.975788,
          "stddev" : 81208631.765779,
          "N" : 6691
        },
        "bw_min" : 1021,
        "bw_max" : 152478,
        "bw_agg" : 100.000000,
        "bw_mean" : 57757.379310,
        "bw_dev" : 55949.496667,
        "bw_samples" : 58,
        "iops_min" : 3,
        "iops_max" : 595,
        "iops_mean" : 225.344828,
        "iops_stddev" : 218.674440,
        "iops_samples" : 58
      },
      "trim" : {
        "io_bytes" : 0,
        "io_kbytes" : 0,
        "bw_bytes" : 0,
        "bw" : 0,
        "iops" : 0.000000,
        "runtime" : 0,
        "total_ios" : 0,
        "short_ios" : 0,
        "drop_ios" : 0,
        "slat_ns" : {
          "min" : 0,
          "max" : 0,
          "mean" : 0.000000,
          "stddev" : 0.000000,
          "N" : 0
        },
        "clat_ns" : {
          "min" : 0,
          "max" : 0,
          "mean" : 0.000000,
          "stddev" : 0.000000,
          "N" : 0
        },
        "lat_ns" : {
          "min" : 0,
          "max" : 0,
          "mean" : 0.000000,
          "stddev" : 0.000000,
          "N" : 0
        },
        "bw_min" : 0,
        "bw_max" : 0,
        "bw_agg" : 0.000000,
        "bw_mean" : 0.000000,
        "bw_dev" : 0.000000,
        "bw_samples" : 0,
        "iops_min" : 0,
        "iops_max" : 0,
        "iops_mean" : 0.000000,
        "iops_stddev" : 0.000000,
        "iops_samples" : 0
      },
      "sync" : {
        "total_ios" : 0,
        "lat_ns" : {
          "min" : 0,
          "max" : 0,
          "mean" : 0.000000,
          "stddev" : 0.000000,
          "N" : 0
        }
      },
      "job_runtime" : 30029,
      "usr_cpu" : 0.136535,
      "sys_cpu" : 1.108928,
      "ctx" : 19554,
      "majf" : 0,
      "minf" : 1,
      "iodepth_level" : {
        "1" : 0.100000,
        "2" : 0.100000,
        "4" : 0.100000,
        "8" : 0.100000,
        "16" : 99.887573,
        "32" : 0.000000,
        ">=64" : 0.000000
      },
      "iodepth_submit" : {
        "0" : 0.000000,
        "4" : 100.000000,
        "8" : 0.000000,
        "16" : 0.000000,
        "32" : 0.000000,
        "64" : 0.000000,
        ">=64" : 0.000000
      },
      "iodepth_complete" : {
        "0" : 0.000000,
        "4" : 99.992497,
        "8" : 0.000000,
        "16" : 0.100000,
        "32" : 0.000000,
        "64" : 0.000000,
        ">=64" : 0.000000
      },
      "latency_ns" : {
        "2" : 0.000000,
        "4" : 0.000000,
        "10" : 0.000000,
        "20" : 0.000000,
        "50" : 0.000000,
        "100" : 0.000000,
        "250" : 0.000000,
        "500" : 0.000000,
        "750" : 0.000000,
        "1000" : 0.000000
      },
      "latency_us" : {
        "2" : 0.000000,
        "4" : 0.000000,
        "10" : 0.000000,
        "20" : 0.010000,
        "50" : 0.262329,
        "100" : 26.757608,
        "250" : 10.208365,
        "500" : 0.254834,
        "750" : 0.104932,
        "1000" : 0.029981
      },
      "latency_ms" : {
        "2" : 0.074951,
        "4" : 0.059961,
        "10" : 1.439065,
        "20" : 16.519262,
        "50" : 33.555689,
        "100" : 6.116025,
        "250" : 1.918753,
        "500" : 1.041823,
        "750" : 0.869435,
        "1000" : 0.547144,
        "2000" : 0.232349,
        ">=2000" : 0.000000
      },
      "latency_depth" : 16,
      "latency_target" : 0,
      "latency_percentile" : 100.000000,
      "latency_window" : 0
    }
  ],
  "disk_util" : [
    {
      "name" : "sda",
      "read_ios" : 6661,
      "write_ios" : 6653,
      "read_merges" : 1,
      "write_merges" : 0,
      "read_ticks" : 353482,
      "write_ticks" : 124553,
      "in_queue" : 478036,
      "util" : 99.873257
    }
  ]
}
