{
  "fio version" : "fio-3.33",
  "timestamp" : 1727438034,
  "timestamp_ms" : 1727438034400,
  "time" : "Fri Sep 27 18:53:54 2024",
  "jobs" : [
    {
      "jobname" : "file",
      "groupid" : 0,
      "error" : 0,
      "eta" : 0,
      "elapsed" : 32,
      "job options" : {
        "rw" : "rw",
        "size" : "80%",
        "rwmixread" : "50",
        "bs" : "32k",
        "ioengine" : "libaio",
        "iodepth" : "16",
        "direct" : "1",
        "runtime" : "30",
        "numjobs" : "1",
        "filename" : "/dev/sda"
      },
      "read" : {
        "io_bytes" : 1418919936,
        "io_kbytes" : 1385664,
        "bw_bytes" : 45154020,
        "bw" : 44095,
        "iops" : 1377.991344,
        "runtime" : 31424,
        "total_ios" : 43302,
        "short_ios" : 0,
        "drop_ios" : 0,
        "slat_ns" : {
          "min" : 3689,
          "max" : 764008,
          "mean" : 27617.068519,
          "stddev" : 38015.268666,
          "N" : 43302
        },
        "clat_ns" : {
          "min" : 760,
          "max" : 1872891718,
          "mean" : 8621124.215394,
          "stddev" : 63490383.301605,
          "N" : 43302,
          "percentile" : {
            "1.000000" : 40192,
            "5.000000" : 70144,
            "10.000000" : 103936,
            "20.000000" : 193536,
            "30.000000" : 292864,
            "40.000000" : 354304,
            "50.000000" : 528384,
            "60.000000" : 1011712,
            "70.000000" : 1466368,
            "80.000000" : 2342912,
            "90.000000" : 10813440,
            "95.000000" : 22413312,
            "99.000000" : 221249536,
            "99.500000" : 320864256,
            "99.900000" : 952107008,
            "99.950000" : 1652555776,
            "99.990000" : 1686110208
          }
        },
        "lat_ns" : {
          "min" : 31448,
          "max" : 1872906702,
          "mean" : 8648741.283913,
          "stddev" : 63489852.876224,
          "N" : 43302
        },
        "bw_min" : 1341,
        "bw_max" : 187703,
        "bw_agg" : 100.000000,
        "bw_mean" : 52244.245283,
        "bw_dev" : 53120.983876,
        "bw_samples" : 53,
        "iops_min" : 41,
        "iops_max" : 5865,
        "iops_mean" : 1632.301887,
        "iops_stddev" : 1660.066769,
        "iops_samples" : 53
      },
      "write" : {
        "io_bytes" : 1408204800,
        "io_kbytes" : 1375200,
        "bw_bytes" : 44813034,
        "bw" : 43762,
        "iops" : 1367.585285,
        "runtime" : 31424,
        "total_ios" : 42975,
        "short_ios" : 0,
        "drop_ios" : 0,
        "slat_ns" : {
          "min" : 7677,
          "max" : 1485809,
          "mean" : 23868.819802,
          "stddev" : 40896.277653,
          "N" : 42975
        },
        "clat_ns" : {
          "min" : 10846,
          "max" : 1862008581,
          "mean" : 2959349.213147,
          "stddev" : 34434187.882578,
          "N" : 42975,
          "percentile" : {
            "1.000000" : 40192,
            "5.000000" : 53504,
            "10.000000" : 63232,
            "20.000000" : 85504,
            "30.000000" : 113152,
            "40.000000" : 150528,
            "50.000000" : 209920,
            "60.000000" : 280576,
            "70.000000" : 325632,
            "80.000000" : 391168,
            "90.000000" : 536576,
            "95.000000" : 847872,
            "99.000000" : 56360960,
            "99.500000" : 81264640,
            "99.900000" : 396361728,
            "99.950000" : 700448768,
            "99.990000" : 1719664640
          }
        },
        "lat_ns" : {
          "min" : 30739,
          "max" : 1862030303,
          "mean" : 2983218.032949,
          "stddev" : 34433729.546283,
          "N" : 42975
        },
        "bw_min" : 1788,
        "bw_max" : 186933,
        "bw_agg" : 100.000000,
        "bw_mean" : 51869.037736,
        "bw_dev" : 52170.452207,
        "bw_samples" : 53,
        "iops_min" : 55,
        "iops_max" : 5841,
        "iops_mean" : 1620.584906,
        "iops_stddev" : 1630.343574,
        "iops_samples" : 53
      },
      "trim" : {
        "io_bytes" : 0,
        "io_kbytes" : 0,
        "bw_bytes" : 0,
        "bw" : 0,
        "iops" : 0.000000,
        "runtime" : 0,
        "total_ios" : 0,
        "short_ios" : 0,
        "drop_ios" : 0,
        "slat_ns" : {
          "min" : 0,
          "max" : 0,
          "mean" : 0.000000,
          "stddev" : 0.000000,
          "N" : 0
        },
        "clat_ns" : {
          "min" : 0,
          "max" : 0,
          "mean" : 0.000000,
          "stddev" : 0.000000,
          "N" : 0
        },
        "lat_ns" : {
          "min" : 0,
          "max" : 0,
          "mean" : 0.000000,
          "stddev" : 0.000000,
          "N" : 0
        },
        "bw_min" : 0,
        "bw_max" : 0,
        "bw_agg" : 0.000000,
        "bw_mean" : 0.000000,
        "bw_dev" : 0.000000,
        "bw_samples" : 0,
        "iops_min" : 0,
        "iops_max" : 0,
        "iops_mean" : 0.000000,
        "iops_stddev" : 0.000000,
        "iops_samples" : 0
      },
      "sync" : {
        "total_ios" : 0,
        "lat_ns" : {
          "min" : 0,
          "max" : 0,
          "mean" : 0.000000,
          "stddev" : 0.000000,
          "N" : 0
        }
      },
      "job_runtime" : 31423,
      "usr_cpu" : 0.353244,
      "sys_cpu" : 4.694014,
      "ctx" : 59409,
      "majf" : 0,
      "minf" : 1,
      "iodepth_level" : {
        "1" : 0.100000,
        "2" : 0.100000,
        "4" : 0.100000,
        "8" : 0.100000,
        "16" : 99.982614,
        "32" : 0.000000,
        ">=64" : 0.000000
      },
      "iodepth_submit" : {
        "0" : 0.000000,
        "4" : 100.000000,
        "8" : 0.000000,
        "16" : 0.000000,
        "32" : 0.000000,
        "64" : 0.000000,
        ">=64" : 0.000000
      },
      "iodepth_complete" : {
        "0" : 0.000000,
        "4" : 99.998841,
        "8" : 0.000000,
        "16" : 0.100000,
        "32" : 0.000000,
        "64" : 0.000000,
        ">=64" : 0.000000
      },
      "latency_ns" : {
        "2" : 0.000000,
        "4" : 0.000000,
        "10" : 0.000000,
        "20" : 0.000000,
        "50" : 0.000000,
        "100" : 0.000000,
        "250" : 0.000000,
        "500" : 0.000000,
        "750" : 0.000000,
        "1000" : 0.010000
      },
      "latency_us" : {
        "2" : 0.010000,
        "4" : 0.000000,
        "10" : 0.000000,
        "20" : 0.070703,
        "50" : 2.810714,
        "100" : 14.660918,
        "250" : 22.160019,
        "500" : 29.010049,
        "750" : 5.401208,
        "1000" : 3.487604
      },
      "latency_ms" : {
        "2" : 8.989650,
        "4" : 4.154062,
        "10" : 1.905490,
        "20" : 3.028617,
        "50" : 2.691331,
        "100" : 0.803227,
        "250" : 0.345399,
        "500" : 0.273538,
        "750" : 0.110110,
        "1000" : 0.028976,
        "2000" : 0.063748,
        ">=2000" : 0.000000
      },
      "latency_depth" : 16,
      "latency_target" : 0,
      "latency_percentile" : 100.000000,
      "latency_window" : 0
    }
  ],
  "disk_util" : [
    {
      "name" : "sda",
      "read_ios" : 43378,
      "write_ios" : 42975,
      "read_merges" : 2,
      "write_merges" : 0,
      "read_ticks" : 341880,
      "write_ticks" : 123123,
      "in_queue" : 465003,
      "util" : 100.000000
    }
  ]
}
