{
  "fio version" : "fio-3.33",
  "timestamp" : 1727437939,
  "timestamp_ms" : 1727437939631,
  "time" : "Fri Sep 27 18:52:19 2024",
  "jobs" : [
    {
      "jobname" : "file",
      "groupid" : 0,
      "error" : 0,
      "eta" : 0,
      "elapsed" : 31,
      "job options" : {
        "rw" : "rw",
        "size" : "80%",
        "rwmixread" : "50",
        "bs" : "4k",
        "ioengine" : "libaio",
        "iodepth" : "16",
        "direct" : "1",
        "runtime" : "30",
        "numjobs" : "1",
        "filename" : "/dev/sda"
      },
      "read" : {
        "io_bytes" : 210538496,
        "io_kbytes" : 205604,
        "bw_bytes" : 7014208,
        "bw" : 6849,
        "iops" : 1712.453358,
        "runtime" : 30016,
        "total_ios" : 51401,
        "short_ios" : 0,
        "drop_ios" : 0,
        "slat_ns" : {
          "min" : 2019,
          "max" : 380779,
          "mean" : 19728.008113,
          "stddev" : 11274.044317,
          "N" : 51401
        },
        "clat_ns" : {
          "min" : 680,
          "max" : 3145289483,
          "mean" : 6479835.253614,
          "stddev" : 70565839.759074,
          "N" : 51401,
          "percentile" : {
            "1.000000" : 39680,
            "5.000000" : 166912,
            "10.000000" : 240640,
            "20.000000" : 268288,
            "30.000000" : 313344,
            "40.000000" : 456704,
            "50.000000" : 937984,
            "60.000000" : 2113536,
            "70.000000" : 3031040,
            "80.000000" : 3457024,
            "90.000000" : 3817472,
            "95.000000" : 4358144,
            "99.000000" : 147849216,
            "99.500000" : 219152384,
            "99.900000" : 784334848,
            "99.950000" : 1820327936,
            "99.990000" : 2969567232
          }
        },
        "lat_ns" : {
          "min" : 31218,
          "max" : 3145305597,
          "mean" : 6499563.261726,
          "stddev" : 70565642.120731,
          "N" : 51401
        },
        "bw_min" : 176,
        "bw_max" : 22864,
        "bw_agg" : 100.000000,
        "bw_mean" : 10031.250000,
        "bw_dev" : 4684.626142,
        "bw_samples" : 40,
        "iops_min" : 44,
        "iops_max" : 5716,
        "iops_mean" : 2507.625000,
        "iops_stddev" : 1171.179062,
        "iops_samples" : 40
      },
      "write" : {
        "io_bytes" : 209801216,
        "io_kbytes" : 204884,
        "bw_bytes" : 6989646,
        "bw" : 6825,
        "iops" : 1706.456557,
        "runtime" : 30016,
        "total_ios" : 51221,
        "short_ios" : 0,
        "drop_ios" : 0,
        "slat_ns" : {
          "min" : 2239,
          "max" : 21045254,
          "mean" : 16306.275043,
          "stddev" : 94828.359010,
          "N" : 51221
        },
        "clat_ns" : {
          "min" : 720,
          "max" : 3332029719,
          "mean" : 2804798.531266,
          "stddev" : 73139243.113953,
          "N" : 51221,
          "percentile" : {
            "1.000000" : 27776,
            "5.000000" : 34048,
            "10.000000" : 40192,
            "20.000000" : 47872,
            "30.000000" : 56576,
            "40.000000" : 71168,
            "50.000000" : 128512,
            "60.000000" : 230400,
            "70.000000" : 264192,
            "80.000000" : 301056,
            "90.000000" : 387072,
            "95.000000" : 477184,
            "99.000000" : 577536,
            "99.500000" : 724992,
            "99.900000" : 497025024,
            "99.950000" : 2298478592,
            "99.990000" : 3305111552
          }
        },
        "lat_ns" : {
          "min" : 29579,
          "max" : 3332039805,
          "mean" : 2821104.806310,
          "stddev" : 73139250.885465,
          "N" : 51221
        },
        "bw_min" : 40,
        "bw_max" : 23064,
        "bw_agg" : 100.000000,
        "bw_mean" : 9733.341463,
        "bw_dev" : 4908.388868,
        "bw_samples" : 41,
        "iops_min" : 10,
        "iops_max" : 5766,
        "iops_mean" : 2433.146341,
        "iops_stddev" : 1227.123009,
        "iops_samples" : 41
      },
      "trim" : {
        "io_bytes" : 0,
        "io_kbytes" : 0,
        "bw_bytes" : 0,
        "bw" : 0,
        "iops" : 0.000000,
        "runtime" : 0,
        "total_ios" : 0,
        "short_ios" : 0,
        "drop_ios" : 0,
        "slat_ns" : {
          "min" : 0,
          "max" : 0,
          "mean" : 0.000000,
          "stddev" : 0.000000,
          "N" : 0
        },
        "clat_ns" : {
          "min" : 0,
          "max" : 0,
          "mean" : 0.000000,
          "stddev" : 0.000000,
          "N" : 0
        },
        "lat_ns" : {
          "min" : 0,
          "max" : 0,
          "mean" : 0.000000,
          "stddev" : 0.000000,
          "N" : 0
        },
        "bw_min" : 0,
        "bw_max" : 0,
        "bw_agg" : 0.000000,
        "bw_mean" : 0.000000,
        "bw_dev" : 0.000000,
        "bw_samples" : 0,
        "iops_min" : 0,
        "iops_max" : 0,
        "iops_mean" : 0.000000,
        "iops_stddev" : 0.000000,
        "iops_samples" : 0
      },
      "sync" : {
        "total_ios" : 0,
        "lat_ns" : {
          "min" : 0,
          "max" : 0,
          "mean" : 0.000000,
          "stddev" : 0.000000,
          "N" : 0
        }
      },
      "job_runtime" : 30015,
      "usr_cpu" : 0.386473,
      "sys_cpu" : 5.040813,
      "ctx" : 90661,
      "majf" : 0,
      "minf" : 1,
      "iodepth_level" : {
        "1" : 0.100000,
        "2" : 0.100000,
        "4" : 0.100000,
        "8" : 0.100000,
        "16" : 99.985383,
        "32" : 0.000000,
        ">=64" : 0.000000
      },
      "iodepth_submit" : {
        "0" : 0.000000,
        "4" : 100.000000,
        "8" : 0.000000,
        "16" : 0.000000,
        "32" : 0.000000,
        "64" : 0.000000,
        ">=64" : 0.000000
      },
      "iodepth_complete" : {
        "0" : 0.000000,
        "4" : 99.999025,
        "8" : 0.000000,
        "16" : 0.100000,
        "32" : 0.000000,
        "64" : 0.000000,
        ">=64" : 0.000000
      },
      "latency_ns" : {
        "2" : 0.000000,
        "4" : 0.000000,
        "10" : 0.000000,
        "20" : 0.000000,
        "50" : 0.000000,
        "100" : 0.000000,
        "250" : 0.000000,
        "500" : 0.000000,
        "750" : 0.010000,
        "1000" : 0.000000
      },
      "latency_us" : {
        "2" : 0.012668,
        "4" : 0.000000,
        "10" : 0.037029,
        "20" : 0.410243,
        "50" : 11.636881,
        "100" : 12.822787,
        "250" : 13.439613,
        "500" : 31.647210,
        "750" : 3.880260,
        "1000" : 1.168365
      },
      "latency_ms" : {
        "2" : 4.208649,
        "4" : 16.917425,
        "10" : 2.558905,
        "20" : 0.082828,
        "50" : 0.263101,
        "100" : 0.105241,
        "250" : 0.453119,
        "500" : 0.240689,
        "750" : 0.017540,
        "1000" : 0.015591,
        "2000" : 0.031182,
        ">=2000" : 0.046774
      },
      "latency_depth" : 16,
      "latency_target" : 0,
      "latency_percentile" : 100.000000,
      "latency_window" : 0
    }
  ],
  "disk_util" : [
    {
      "name" : "sda",
      "read_ios" : 51158,
      "write_ios" : 50921,
      "read_merges" : 6,
      "write_merges" : 8,
      "read_ticks" : 327115,
      "write_ticks" : 138968,
      "in_queue" : 466083,
      "util" : 99.943305
    }
  ]
}
