{
  "fio version" : "fio-3.33",
  "timestamp" : 1727438158,
  "timestamp_ms" : 1727438158547,
  "time" : "Fri Sep 27 18:55:58 2024",
  "jobs" : [
    {
      "jobname" : "file",
      "groupid" : 0,
      "error" : 0,
      "eta" : 0,
      "elapsed" : 31,
      "job options" : {
        "rw" : "rw",
        "size" : "80%",
        "rwmixread" : "50",
        "bs" : "512k",
        "ioengine" : "libaio",
        "iodepth" : "16",
        "direct" : "1",
        "runtime" : "30",
        "numjobs" : "1",
        "filename" : "/dev/sda"
      },
      "read" : {
        "io_bytes" : 2383413248,
        "io_kbytes" : 2327552,
        "bw_bytes" : 79333397,
        "bw" : 77474,
        "iops" : 151.316446,
        "runtime" : 30043,
        "total_ios" : 4546,
        "short_ios" : 0,
        "drop_ios" : 0,
        "slat_ns" : {
          "min" : 13215,
          "max" : 531793,
          "mean" : 27562.529037,
          "stddev" : 18264.568951,
          "N" : 4546
        },
        "clat_ns" : {
          "min" : 237571,
          "max" : 2636229994,
          "mean" : 64972015.958205,
          "stddev" : 197030682.566297,
          "N" : 4546,
          "percentile" : {
            "1.000000" : 5144576,
            "5.000000" : 22413312,
            "10.000000" : 24510464,
            "20.000000" : 26869760,
            "30.000000" : 28704768,
            "40.000000" : 30539776,
            "50.000000" : 32899072,
            "60.000000" : 35913728,
            "70.000000" : 40108032,
            "80.000000" : 45350912,
            "90.000000" : 58982400,
            "95.000000" : 102236160,
            "99.000000" : 1199570944,
            "99.500000" : 1619001344,
            "99.900000" : 2432696320,
            "99.950000" : 2566914048,
            "99.990000" : 2634022912
          }
        },
        "lat_ns" : {
          "min" : 262212,
          "max" : 2636251966,
          "mean" : 64999578.487241,
          "stddev" : 197031351.158866,
          "N" : 4546
        },
        "bw_min" : 1019,
        "bw_max" : 171008,
        "bw_agg" : 100.000000,
        "bw_mean" : 83511.314815,
        "bw_dev" : 66878.360040,
        "bw_samples" : 54,
        "iops_min" : 1,
        "iops_max" : 334,
        "iops_mean" : 162.814815,
        "iops_stddev" : 130.749663,
        "iops_samples" : 54
      },
      "write" : {
        "io_bytes" : 2440036352,
        "io_kbytes" : 2382848,
        "bw_bytes" : 81218132,
        "bw" : 79314,
        "iops" : 154.911294,
        "runtime" : 30043,
        "total_ios" : 4654,
        "short_ios" : 0,
        "drop_ios" : 0,
        "slat_ns" : {
          "min" : 12236,
          "max" : 872706,
          "mean" : 26114.993554,
          "stddev" : 22923.107034,
          "N" : 4654
        },
        "clat_ns" : {
          "min" : 199706,
          "max" : 2374854629,
          "mean" : 39752656.692523,
          "stddev" : 136672239.655442,
          "N" : 4654,
          "percentile" : {
            "1.000000" : 1777664,
            "5.000000" : 3129344,
            "10.000000" : 4177920,
            "20.000000" : 7634944,
            "30.000000" : 14352384,
            "40.000000" : 17170432,
            "50.000000" : 21364736,
            "60.000000" : 27131904,
            "70.000000" : 30539776,
            "80.000000" : 34340864,
            "90.000000" : 43778048,
            "95.000000" : 61603840,
            "99.000000" : 792723456,
            "99.500000" : 1216348160,
            "99.900000" : 1719664640,
            "99.950000" : 2298478592,
            "99.990000" : 2365587456
          }
        },
        "lat_ns" : {
          "min" : 238332,
          "max" : 2374876151,
          "mean" : 39778771.686077,
          "stddev" : 136672412.717027,
          "N" : 4654
        },
        "bw_min" : 2039,
        "bw_max" : 172710,
        "bw_agg" : 100.000000,
        "bw_mean" : 85155.944444,
        "bw_dev" : 68199.627069,
        "bw_samples" : 54,
        "iops_min" : 3,
        "iops_max" : 337,
        "iops_mean" : 166.055556,
        "iops_stddev" : 133.299127,
        "iops_samples" : 54
      },
      "trim" : {
        "io_bytes" : 0,
        "io_kbytes" : 0,
        "bw_bytes" : 0,
        "bw" : 0,
        "iops" : 0.000000,
        "runtime" : 0,
        "total_ios" : 0,
        "short_ios" : 0,
        "drop_ios" : 0,
        "slat_ns" : {
          "min" : 0,
          "max" : 0,
          "mean" : 0.000000,
          "stddev" : 0.000000,
          "N" : 0
        },
        "clat_ns" : {
          "min" : 0,
          "max" : 0,
          "mean" : 0.000000,
          "stddev" : 0.000000,
          "N" : 0
        },
        "lat_ns" : {
          "min" : 0,
          "max" : 0,
          "mean" : 0.000000,
          "stddev" : 0.000000,
          "N" : 0
        },
        "bw_min" : 0,
        "bw_max" : 0,
        "bw_agg" : 0.000000,
        "bw_mean" : 0.000000,
        "bw_dev" : 0.000000,
        "bw_samples" : 0,
        "iops_min" : 0,
        "iops_max" : 0,
        "iops_mean" : 0.000000,
        "iops_stddev" : 0.000000,
        "iops_samples" : 0
      },
      "sync" : {
        "total_ios" : 0,
        "lat_ns" : {
          "min" : 0,
          "max" : 0,
          "mean" : 0.000000,
          "stddev" : 0.000000,
          "N" : 0
        }
      },
      "job_runtime" : 30042,
      "usr_cpu" : 0.302909,
      "sys_cpu" : 0.602490,
      "ctx" : 10805,
      "majf" : 0,
      "minf" : 1,
      "iodepth_level" : {
        "1" : 0.100000,
        "2" : 0.100000,
        "4" : 0.100000,
        "8" : 0.100000,
        "16" : 99.836957,
        "32" : 0.000000,
        ">=64" : 0.000000
      },
      "iodepth_submit" : {
        "0" : 0.000000,
        "4" : 100.000000,
        "8" : 0.000000,
        "16" : 0.000000,
        "32" : 0.000000,
        "64" : 0.000000,
        ">=64" : 0.000000
      },
      "iodepth_complete" : {
        "0" : 0.000000,
        "4" : 99.989114,
        "8" : 0.000000,
        "16" : 0.100000,
        "32" : 0.000000,
        "64" : 0.000000,
        ">=64" : 0.000000
      },
      "latency_ns" : {
        "2" : 0.000000,
        "4" : 0.000000,
        "10" : 0.000000,
        "20" : 0.000000,
        "50" : 0.000000,
        "100" : 0.000000,
        "250" : 0.000000,
        "500" : 0.000000,
        "750" : 0.000000,
        "1000" : 0.000000
      },
      "latency_us" : {
        "2" : 0.000000,
        "4" : 0.000000,
        "10" : 0.000000,
        "20" : 0.000000,
        "50" : 0.000000,
        "100" : 0.000000,
        "250" : 0.032609,
        "500" : 0.043478,
        "750" : 0.141304,
        "1000" : 0.076087
      },
      "latency_ms" : {
        "2" : 0.684783,
        "4" : 4.054348,
        "10" : 7.163043,
        "20" : 13.500000,
        "50" : 63.630435,
        "100" : 6.739130,
        "250" : 1.739130,
        "500" : 0.554348,
        "750" : 0.315217,
        "1000" : 0.380435,
        "2000" : 0.771739,
        ">=2000" : 0.173913
      },
      "latency_depth" : 16,
      "latency_target" : 0,
      "latency_percentile" : 100.000000,
      "latency_window" : 0
    }
  ],
  "disk_util" : [
    {
      "name" : "sda",
      "read_ios" : 4538,
      "write_ios" : 4617,
      "read_merges" : 0,
      "write_merges" : 0,
      "read_ticks" : 293965,
      "write_ticks" : 183834,
      "in_queue" : 477798,
      "util" : 99.953262
    }
  ]
}
