{
  "fio version" : "fio-3.33",
  "timestamp" : 1727438067,
  "timestamp_ms" : 1727438067100,
  "time" : "Fri Sep 27 18:54:27 2024",
  "jobs" : [
    {
      "jobname" : "file",
      "groupid" : 0,
      "error" : 0,
      "eta" : 0,
      "elapsed" : 33,
      "job options" : {
        "rw" : "rw",
        "size" : "80%",
        "rwmixread" : "50",
        "bs" : "64k",
        "ioengine" : "libaio",
        "iodepth" : "16",
        "direct" : "1",
        "runtime" : "30",
        "numjobs" : "1",
        "filename" : "/dev/sda"
      },
      "read" : {
        "io_bytes" : 537591808,
        "io_kbytes" : 524992,
        "bw_bytes" : 16618498,
        "bw" : 16229,
        "iops" : 253.578163,
        "runtime" : 32349,
        "total_ios" : 8203,
        "short_ios" : 0,
        "drop_ios" : 0,
        "slat_ns" : {
          "min" : 3919,
          "max" : 649660,
          "mean" : 32316.511764,
          "stddev" : 50020.523393,
          "N" : 8203
        },
        "clat_ns" : {
          "min" : 12526,
          "max" : 4600903727,
          "mean" : 34051080.335365,
          "stddev" : 267734392.341176,
          "N" : 8203,
          "percentile" : {
            "1.000000" : 33536,
            "5.000000" : 48896,
            "10.000000" : 60160,
            "20.000000" : 86528,
            "30.000000" : 125440,
            "40.000000" : 203776,
            "50.000000" : 428032,
            "60.000000" : 1925120,
            "70.000000" : 2965504,
            "80.000000" : 9371648,
            "90.000000" : 15400960,
            "95.000000" : 22937600,
            "99.000000" : 1082130432,
            "99.500000" : 2298478592,
            "99.900000" : 4043309056,
            "99.950000" : 4076863488,
            "99.990000" : 4596957184
          }
        },
        "lat_ns" : {
          "min" : 44104,
          "max" : 4600934836,
          "mean" : 34083396.847129,
          "stddev" : 267734222.070616,
          "N" : 8203
        },
        "bw_min" : 127,
        "bw_max" : 198144,
        "bw_agg" : 100.000000,
        "bw_mean" : 24959.714286,
        "bw_dev" : 51878.301771,
        "bw_samples" : 42,
        "iops_min" : 1,
        "iops_max" : 3096,
        "iops_mean" : 389.666667,
        "iops_stddev" : 810.706848,
        "iops_samples" : 42
      },
      "write" : {
        "io_bytes" : 541065216,
        "io_kbytes" : 528384,
        "bw_bytes" : 16725871,
        "bw" : 16333,
        "iops" : 255.216545,
        "runtime" : 32349,
        "total_ios" : 8256,
        "short_ios" : 0,
        "drop_ios" : 0,
        "slat_ns" : {
          "min" : 4279,
          "max" : 39422601,
          "mean" : 33496.692587,
          "stddev" : 436861.209271,
          "N" : 8256
        },
        "clat_ns" : {
          "min" : 1760,
          "max" : 4523072230,
          "mean" : 28461551.712209,
          "stddev" : 238664512.179153,
          "N" : 8256,
          "percentile" : {
            "1.000000" : 41216,
            "5.000000" : 52992,
            "10.000000" : 57600,
            "20.000000" : 70144,
            "30.000000" : 85504,
            "40.000000" : 101888,
            "50.000000" : 124416,
            "60.000000" : 162816,
            "70.000000" : 228352,
            "80.000000" : 387072,
            "90.000000" : 1073152,
            "95.000000" : 23724032,
            "99.000000" : 1002438656,
            "99.500000" : 1887436800,
            "99.900000" : 3238002688,
            "99.950000" : 4211081216,
            "99.990000" : 4529848320
          }
        },
        "lat_ns" : {
          "min" : 42804,
          "max" : 4523090724,
          "mean" : 28495048.404796,
          "stddev" : 238663648.556233,
          "N" : 8256
        },
        "bw_min" : 127,
        "bw_max" : 190208,
        "bw_agg" : 100.000000,
        "bw_mean" : 21533.897959,
        "bw_dev" : 48409.146290,
        "bw_samples" : 49,
        "iops_min" : 1,
        "iops_max" : 2972,
        "iops_mean" : 336.122449,
        "iops_stddev" : 756.472423,
        "iops_samples" : 49
      },
      "trim" : {
        "io_bytes" : 0,
        "io_kbytes" : 0,
        "bw_bytes" : 0,
        "bw" : 0,
        "iops" : 0.000000,
        "runtime" : 0,
        "total_ios" : 0,
        "short_ios" : 0,
        "drop_ios" : 0,
        "slat_ns" : {
          "min" : 0,
          "max" : 0,
          "mean" : 0.000000,
          "stddev" : 0.000000,
          "N" : 0
        },
        "clat_ns" : {
          "min" : 0,
          "max" : 0,
          "mean" : 0.000000,
          "stddev" : 0.000000,
          "N" : 0
        },
        "lat_ns" : {
          "min" : 0,
          "max" : 0,
          "mean" : 0.000000,
          "stddev" : 0.000000,
          "N" : 0
        },
        "bw_min" : 0,
        "bw_max" : 0,
        "bw_agg" : 0.000000,
        "bw_mean" : 0.000000,
        "bw_dev" : 0.000000,
        "bw_samples" : 0,
        "iops_min" : 0,
        "iops_max" : 0,
        "iops_mean" : 0.000000,
        "iops_stddev" : 0.000000,
        "iops_samples" : 0
      },
      "sync" : {
        "total_ios" : 0,
        "lat_ns" : {
          "min" : 0,
          "max" : 0,
          "mean" : 0.000000,
          "stddev" : 0.000000,
          "N" : 0
        }
      },
      "job_runtime" : 32348,
      "usr_cpu" : 0.089650,
      "sys_cpu" : 1.125263,
      "ctx" : 14659,
      "majf" : 0,
      "minf" : 1,
      "iodepth_level" : {
        "1" : 0.100000,
        "2" : 0.100000,
        "4" : 0.100000,
        "8" : 0.100000,
        "16" : 99.908864,
        "32" : 0.000000,
        ">=64" : 0.000000
      },
      "iodepth_submit" : {
        "0" : 0.000000,
        "4" : 100.000000,
        "8" : 0.000000,
        "16" : 0.000000,
        "32" : 0.000000,
        "64" : 0.000000,
        ">=64" : 0.000000
      },
      "iodepth_complete" : {
        "0" : 0.000000,
        "4" : 99.993919,
        "8" : 0.000000,
        "16" : 0.100000,
        "32" : 0.000000,
        "64" : 0.000000,
        ">=64" : 0.000000
      },
      "latency_ns" : {
        "2" : 0.000000,
        "4" : 0.000000,
        "10" : 0.000000,
        "20" : 0.000000,
        "50" : 0.000000,
        "100" : 0.000000,
        "250" : 0.000000,
        "500" : 0.000000,
        "750" : 0.000000,
        "1000" : 0.000000
      },
      "latency_us" : {
        "2" : 0.010000,
        "4" : 0.000000,
        "10" : 0.000000,
        "20" : 0.224801,
        "50" : 4.198311,
        "100" : 26.988274,
        "250" : 26.101221,
        "500" : 10.395528,
        "750" : 2.800899,
        "1000" : 1.202989
      },
      "latency_ms" : {
        "2" : 4.216538,
        "4" : 6.106082,
        "10" : 4.362355,
        "20" : 6.816939,
        "50" : 3.499605,
        "100" : 0.826296,
        "250" : 0.528586,
        "500" : 0.346315,
        "750" : 0.066833,
        "1000" : 0.194423,
        "2000" : 0.577192,
        ">=2000" : 0.540738
      },
      "latency_depth" : 16,
      "latency_target" : 0,
      "latency_percentile" : 100.000000,
      "latency_window" : 0
    }
  ],
  "disk_util" : [
    {
      "name" : "sda",
      "read_ios" : 8232,
      "write_ios" : 8235,
      "read_merges" : 22,
      "write_merges" : 20,
      "read_ticks" : 233372,
      "write_ticks" : 206177,
      "in_queue" : 439550,
      "util" : 100.000000
    }
  ]
}
