{
  "fio version" : "fio-3.33",
  "timestamp" : 1727437969,
  "timestamp_ms" : 1727437969969,
  "time" : "Fri Sep 27 18:52:49 2024",
  "jobs" : [
    {
      "jobname" : "file",
      "groupid" : 0,
      "error" : 0,
      "eta" : 0,
      "elapsed" : 31,
      "job options" : {
        "rw" : "rw",
        "size" : "80%",
        "rwmixread" : "50",
        "bs" : "8k",
        "ioengine" : "libaio",
        "iodepth" : "16",
        "direct" : "1",
        "runtime" : "30",
        "numjobs" : "1",
        "filename" : "/dev/sda"
      },
      "read" : {
        "io_bytes" : 1319272448,
        "io_kbytes" : 1288352,
        "bw_bytes" : 43974282,
        "bw" : 42943,
        "iops" : 5367.954402,
        "runtime" : 30001,
        "total_ios" : 161044,
        "short_ios" : 0,
        "drop_ios" : 0,
        "slat_ns" : {
          "min" : 1939,
          "max" : 27258067,
          "mean" : 22099.748566,
          "stddev" : 81676.580367,
          "N" : 161044
        },
        "clat_ns" : {
          "min" : 1220,
          "max" : 1730255152,
          "mean" : 2303566.101258,
          "stddev" : 17895096.782627,
          "N" : 161044,
          "percentile" : {
            "1.000000" : 58624,
            "5.000000" : 203776,
            "10.000000" : 252928,
            "20.000000" : 296960,
            "30.000000" : 370688,
            "40.000000" : 468992,
            "50.000000" : 552960,
            "60.000000" : 651264,
            "70.000000" : 782336,
            "80.000000" : 2146304,
            "90.000000" : 4014080,
            "95.000000" : 4947968,
            "99.000000" : 25296896,
            "99.500000" : 38535168,
            "99.900000" : 130547712,
            "99.950000" : 183500800,
            "99.990000" : 994050048
          }
        },
        "lat_ns" : {
          "min" : 31109,
          "max" : 1730268417,
          "mean" : 2325665.849824,
          "stddev" : 17895051.119766,
          "N" : 161044
        },
        "bw_min" : 32,
        "bw_max" : 105932,
        "bw_agg" : 100.000000,
        "bw_mean" : 44538.192982,
        "bw_dev" : 22403.684044,
        "bw_samples" : 57,
        "iops_min" : 4,
        "iops_max" : 13241,
        "iops_mean" : 5567.157895,
        "iops_stddev" : 2800.477203,
        "iops_samples" : 57
      },
      "write" : {
        "io_bytes" : 1319157760,
        "io_kbytes" : 1288240,
        "bw_bytes" : 43970459,
        "bw" : 42939,
        "iops" : 5367.487750,
        "runtime" : 30001,
        "total_ios" : 161030,
        "short_ios" : 0,
        "drop_ios" : 0,
        "slat_ns" : {
          "min" : 6667,
          "max" : 2383953,
          "mean" : 17596.130479,
          "stddev" : 22165.122825,
          "N" : 161030
        },
        "clat_ns" : {
          "min" : 1079,
          "max" : 1189874349,
          "mean" : 636197.596069,
          "stddev" : 12319123.463331,
          "N" : 161030,
          "percentile" : {
            "1.000000" : 31360,
            "5.000000" : 43776,
            "10.000000" : 50944,
            "20.000000" : 69120,
            "30.000000" : 104960,
            "40.000000" : 158720,
            "50.000000" : 211968,
            "60.000000" : 254976,
            "70.000000" : 284672,
            "80.000000" : 329728,
            "90.000000" : 411648,
            "95.000000" : 477184,
            "99.000000" : 692224,
            "99.500000" : 954368,
            "99.900000" : 107479040,
            "99.950000" : 160432128,
            "99.990000" : 283115520
          }
        },
        "lat_ns" : {
          "min" : 28279,
          "max" : 1189881367,
          "mean" : 653793.726548,
          "stddev" : 12319009.583232,
          "N" : 161030
        },
        "bw_min" : 876,
        "bw_max" : 105325,
        "bw_agg" : 100.000000,
        "bw_mean" : 45349.178571,
        "bw_dev" : 21730.752201,
        "bw_samples" : 56,
        "iops_min" : 109,
        "iops_max" : 13165,
        "iops_mean" : 5668.517857,
        "iops_stddev" : 2716.296382,
        "iops_samples" : 56
      },
      "trim" : {
        "io_bytes" : 0,
        "io_kbytes" : 0,
        "bw_bytes" : 0,
        "bw" : 0,
        "iops" : 0.000000,
        "runtime" : 0,
        "total_ios" : 0,
        "short_ios" : 0,
        "drop_ios" : 0,
        "slat_ns" : {
          "min" : 0,
          "max" : 0,
          "mean" : 0.000000,
          "stddev" : 0.000000,
          "N" : 0
        },
        "clat_ns" : {
          "min" : 0,
          "max" : 0,
          "mean" : 0.000000,
          "stddev" : 0.000000,
          "N" : 0
        },
        "lat_ns" : {
          "min" : 0,
          "max" : 0,
          "mean" : 0.000000,
          "stddev" : 0.000000,
          "N" : 0
        },
        "bw_min" : 0,
        "bw_max" : 0,
        "bw_agg" : 0.000000,
        "bw_mean" : 0.000000,
        "bw_dev" : 0.000000,
        "bw_samples" : 0,
        "iops_min" : 0,
        "iops_max" : 0,
        "iops_mean" : 0.000000,
        "iops_stddev" : 0.000000,
        "iops_samples" : 0
      },
      "sync" : {
        "total_ios" : 0,
        "lat_ns" : {
          "min" : 0,
          "max" : 0,
          "mean" : 0.000000,
          "stddev" : 0.000000,
          "N" : 0
        }
      },
      "job_runtime" : 30000,
      "usr_cpu" : 0.970000,
      "sys_cpu" : 15.220000,
      "ctx" : 230843,
      "majf" : 0,
      "minf" : 1,
      "iodepth_level" : {
        "1" : 0.100000,
        "2" : 0.100000,
        "4" : 0.100000,
        "8" : 0.100000,
        "16" : 99.995343,
        "32" : 0.000000,
        ">=64" : 0.000000
      },
      "iodepth_submit" : {
        "0" : 0.000000,
        "4" : 100.000000,
        "8" : 0.000000,
        "16" : 0.000000,
        "32" : 0.000000,
        "64" : 0.000000,
        ">=64" : 0.000000
      },
      "iodepth_complete" : {
        "0" : 0.000000,
        "4" : 99.999689,
        "8" : 0.000000,
        "16" : 0.100000,
        "32" : 0.000000,
        "64" : 0.000000,
        ">=64" : 0.000000
      },
      "latency_ns" : {
        "2" : 0.000000,
        "4" : 0.000000,
        "10" : 0.000000,
        "20" : 0.000000,
        "50" : 0.000000,
        "100" : 0.000000,
        "250" : 0.000000,
        "500" : 0.000000,
        "750" : 0.000000,
        "1000" : 0.000000
      },
      "latency_us" : {
        "2" : 0.010000,
        "4" : 0.010000,
        "10" : 0.010000,
        "20" : 0.035706,
        "50" : 4.843918,
        "100" : 10.845334,
        "250" : 17.925694,
        "500" : 36.062520,
        "750" : 13.921024,
        "1000" : 4.087570
      },
      "latency_ms" : {
        "2" : 1.792135,
        "4" : 5.234511,
        "10" : 3.170700,
        "20" : 1.106578,
        "50" : 0.664133,
        "100" : 0.158970,
        "250" : 0.109602,
        "500" : 0.010000,
        "750" : 0.010000,
        "1000" : 0.010000,
        "2000" : 0.010000,
        ">=2000" : 0.000000
      },
      "latency_depth" : 16,
      "latency_target" : 0,
      "latency_percentile" : 100.000000,
      "latency_window" : 0
    }
  ],
  "disk_util" : [
    {
      "name" : "sda",
      "read_ios" : 160592,
      "write_ios" : 160560,
      "read_merges" : 7,
      "write_merges" : 0,
      "read_ticks" : 352194,
      "write_ticks" : 84907,
      "in_queue" : 437102,
      "util" : 99.693252
    }
  ]
}
