{
  "fio version" : "fio-3.33",
  "timestamp" : 1727437226,
  "timestamp_ms" : 1727437226481,
  "time" : "Fri Sep 27 18:40:26 2024",
  "jobs" : [
    {
      "jobname" : "file",
      "groupid" : 0,
      "error" : 0,
      "eta" : 0,
      "elapsed" : 31,
      "job options" : {
        "rw" : "randrw",
        "size" : "80%",
        "rwmixread" : "100",
        "bs" : "16k",
        "ioengine" : "libaio",
        "iodepth" : "16",
        "direct" : "1",
        "runtime" : "30",
        "numjobs" : "1",
        "filename" : "/dev/sda"
      },
      "read" : {
        "io_bytes" : 719273984,
        "io_kbytes" : 702416,
        "bw_bytes" : 23965414,
        "bw" : 23403,
        "iops" : 1462.732816,
        "runtime" : 30013,
        "total_ios" : 43901,
        "short_ios" : 0,
        "drop_ios" : 0,
        "slat_ns" : {
          "min" : 11846,
          "max" : 511301,
          "mean" : 22943.363932,
          "stddev" : 8997.744344,
          "N" : 43901
        },
        "clat_ns" : {
          "min" : 651068,
          "max" : 48890742,
          "mean" : 10913251.744653,
          "stddev" : 1880065.320159,
          "N" : 43901,
          "percentile" : {
            "1.000000" : 9502720,
            "5.000000" : 10158080,
            "10.000000" : 10289152,
            "20.000000" : 10551296,
            "30.000000" : 10682368,
            "40.000000" : 10813440,
            "50.000000" : 10813440,
            "60.000000" : 10813440,
            "70.000000" : 10944512,
            "80.000000" : 10944512,
            "90.000000" : 11075584,
            "95.000000" : 11337728,
            "99.000000" : 14352384,
            "99.500000" : 24772608,
            "99.900000" : 41156608,
            "99.950000" : 43253760,
            "99.990000" : 46923776
          }
        },
        "lat_ns" : {
          "min" : 676948,
          "max" : 48913193,
          "mean" : 10936195.108585,
          "stddev" : 1879952.414575,
          "N" : 43901
        },
        "bw_min" : 21952,
        "bw_max" : 24384,
        "bw_agg" : 100.000000,
        "bw_mean" : 23463.288136,
        "bw_dev" : 482.201348,
        "bw_samples" : 59,
        "iops_min" : 1372,
        "iops_max" : 1524,
        "iops_mean" : 1466.406780,
        "iops_stddev" : 30.124522,
        "iops_samples" : 59
      },
      "write" : {
        "io_bytes" : 0,
        "io_kbytes" : 0,
        "bw_bytes" : 0,
        "bw" : 0,
        "iops" : 0.000000,
        "runtime" : 0,
        "total_ios" : 0,
        "short_ios" : 0,
        "drop_ios" : 0,
        "slat_ns" : {
          "min" : 0,
          "max" : 0,
          "mean" : 0.000000,
          "stddev" : 0.000000,
          "N" : 0
        },
        "clat_ns" : {
          "min" : 0,
          "max" : 0,
          "mean" : 0.000000,
          "stddev" : 0.000000,
          "N" : 0
        },
        "lat_ns" : {
          "min" : 0,
          "max" : 0,
          "mean" : 0.000000,
          "stddev" : 0.000000,
          "N" : 0
        },
        "bw_min" : 0,
        "bw_max" : 0,
        "bw_agg" : 0.000000,
        "bw_mean" : 0.000000,
        "bw_dev" : 0.000000,
        "bw_samples" : 0,
        "iops_min" : 0,
        "iops_max" : 0,
        "iops_mean" : 0.000000,
        "iops_stddev" : 0.000000,
        "iops_samples" : 0
      },
      "trim" : {
        "io_bytes" : 0,
        "io_kbytes" : 0,
        "bw_bytes" : 0,
        "bw" : 0,
        "iops" : 0.000000,
        "runtime" : 0,
        "total_ios" : 0,
        "short_ios" : 0,
        "drop_ios" : 0,
        "slat_ns" : {
          "min" : 0,
          "max" : 0,
          "mean" : 0.000000,
          "stddev" : 0.000000,
          "N" : 0
        },
        "clat_ns" : {
          "min" : 0,
          "max" : 0,
          "mean" : 0.000000,
          "stddev" : 0.000000,
          "N" : 0
        },
        "lat_ns" : {
          "min" : 0,
          "max" : 0,
          "mean" : 0.000000,
          "stddev" : 0.000000,
          "N" : 0
        },
        "bw_min" : 0,
        "bw_max" : 0,
        "bw_agg" : 0.000000,
        "bw_mean" : 0.000000,
        "bw_dev" : 0.000000,
        "bw_samples" : 0,
        "iops_min" : 0,
        "iops_max" : 0,
        "iops_mean" : 0.000000,
        "iops_stddev" : 0.000000,
        "iops_samples" : 0
      },
      "sync" : {
        "total_ios" : 0,
        "lat_ns" : {
          "min" : 0,
          "max" : 0,
          "mean" : 0.000000,
          "stddev" : 0.000000,
          "N" : 0
        }
      },
      "job_runtime" : 30012,
      "usr_cpu" : 1.142876,
      "sys_cpu" : 2.002532,
      "ctx" : 87447,
      "majf" : 0,
      "minf" : 1,
      "iodepth_level" : {
        "1" : 0.100000,
        "2" : 0.100000,
        "4" : 0.100000,
        "8" : 0.100000,
        "16" : 99.965832,
        "32" : 0.000000,
        ">=64" : 0.000000
      },
      "iodepth_submit" : {
        "0" : 0.000000,
        "4" : 100.000000,
        "8" : 0.000000,
        "16" : 0.000000,
        "32" : 0.000000,
        "64" : 0.000000,
        ">=64" : 0.000000
      },
      "iodepth_complete" : {
        "0" : 0.000000,
        "4" : 99.997721,
        "8" : 0.000000,
        "16" : 0.100000,
        "32" : 0.000000,
        "64" : 0.000000,
        ">=64" : 0.000000
      },
      "latency_ns" : {
        "2" : 0.000000,
        "4" : 0.000000,
        "10" : 0.000000,
        "20" : 0.000000,
        "50" : 0.000000,
        "100" : 0.000000,
        "250" : 0.000000,
        "500" : 0.000000,
        "750" : 0.000000,
        "1000" : 0.000000
      },
      "latency_us" : {
        "2" : 0.000000,
        "4" : 0.000000,
        "10" : 0.000000,
        "20" : 0.000000,
        "50" : 0.000000,
        "100" : 0.000000,
        "250" : 0.000000,
        "500" : 0.000000,
        "750" : 0.010000,
        "1000" : 0.025056
      },
      "latency_ms" : {
        "2" : 0.043279,
        "4" : 0.109337,
        "10" : 2.788091,
        "20" : 96.364548,
        "50" : 0.665133,
        "100" : 0.000000,
        "250" : 0.000000,
        "500" : 0.000000,
        "750" : 0.000000,
        "1000" : 0.000000,
        "2000" : 0.000000,
        ">=2000" : 0.000000
      },
      "latency_depth" : 16,
      "latency_target" : 0,
      "latency_percentile" : 100.000000,
      "latency_window" : 0
    }
  ],
  "disk_util" : [
    {
      "name" : "sda",
      "read_ios" : 43824,
      "write_ios" : 0,
      "read_merges" : 0,
      "write_merges" : 0,
      "read_ticks" : 477374,
      "write_ticks" : 0,
      "in_queue" : 477375,
      "util" : 99.773000
    }
  ]
}
