{
  "fio version" : "fio-3.33",
  "timestamp" : 1727437165,
  "timestamp_ms" : 1727437165751,
  "time" : "Fri Sep 27 18:39:25 2024",
  "jobs" : [
    {
      "jobname" : "file",
      "groupid" : 0,
      "error" : 0,
      "eta" : 0,
      "elapsed" : 31,
      "job options" : {
        "rw" : "randrw",
        "size" : "80%",
        "rwmixread" : "100",
        "bs" : "4k",
        "ioengine" : "libaio",
        "iodepth" : "16",
        "direct" : "1",
        "runtime" : "30",
        "numjobs" : "1",
        "filename" : "/dev/sda"
      },
      "read" : {
        "io_bytes" : 215142400,
        "io_kbytes" : 210100,
        "bw_bytes" : 7169262,
        "bw" : 7001,
        "iops" : 1750.308241,
        "runtime" : 30009,
        "total_ios" : 52525,
        "short_ios" : 0,
        "drop_ios" : 0,
        "slat_ns" : {
          "min" : 10656,
          "max" : 4444933,
          "mean" : 23497.248434,
          "stddev" : 24220.752017,
          "N" : 52525
        },
        "clat_ns" : {
          "min" : 501315,
          "max" : 278232512,
          "mean" : 9115522.372604,
          "stddev" : 8251840.195052,
          "N" : 52525,
          "percentile" : {
            "1.000000" : 3850240,
            "5.000000" : 5079040,
            "10.000000" : 6389760,
            "20.000000" : 8585216,
            "30.000000" : 8847360,
            "40.000000" : 9109504,
            "50.000000" : 9240576,
            "60.000000" : 9371648,
            "70.000000" : 9371648,
            "80.000000" : 9502720,
            "90.000000" : 9633792,
            "95.000000" : 9764864,
            "99.000000" : 13434880,
            "99.500000" : 30539776,
            "99.900000" : 62652416,
            "99.950000" : 267386880,
            "99.990000" : 278921216
          }
        },
        "lat_ns" : {
          "min" : 593440,
          "max" : 278254424,
          "mean" : 9139019.621038,
          "stddev" : 8252144.588686,
          "N" : 52525
        },
        "bw_min" : 2136,
        "bw_max" : 8264,
        "bw_agg" : 100.000000,
        "bw_mean" : 7008.898305,
        "bw_dev" : 884.295116,
        "bw_samples" : 59,
        "iops_min" : 534,
        "iops_max" : 2066,
        "iops_mean" : 1752.152542,
        "iops_stddev" : 221.073698,
        "iops_samples" : 59
      },
      "write" : {
        "io_bytes" : 0,
        "io_kbytes" : 0,
        "bw_bytes" : 0,
        "bw" : 0,
        "iops" : 0.000000,
        "runtime" : 0,
        "total_ios" : 0,
        "short_ios" : 0,
        "drop_ios" : 0,
        "slat_ns" : {
          "min" : 0,
          "max" : 0,
          "mean" : 0.000000,
          "stddev" : 0.000000,
          "N" : 0
        },
        "clat_ns" : {
          "min" : 0,
          "max" : 0,
          "mean" : 0.000000,
          "stddev" : 0.000000,
          "N" : 0
        },
        "lat_ns" : {
          "min" : 0,
          "max" : 0,
          "mean" : 0.000000,
          "stddev" : 0.000000,
          "N" : 0
        },
        "bw_min" : 0,
        "bw_max" : 0,
        "bw_agg" : 0.000000,
        "bw_mean" : 0.000000,
        "bw_dev" : 0.000000,
        "bw_samples" : 0,
        "iops_min" : 0,
        "iops_max" : 0,
        "iops_mean" : 0.000000,
        "iops_stddev" : 0.000000,
        "iops_samples" : 0
      },
      "trim" : {
        "io_bytes" : 0,
        "io_kbytes" : 0,
        "bw_bytes" : 0,
        "bw" : 0,
        "iops" : 0.000000,
        "runtime" : 0,
        "total_ios" : 0,
        "short_ios" : 0,
        "drop_ios" : 0,
        "slat_ns" : {
          "min" : 0,
          "max" : 0,
          "mean" : 0.000000,
          "stddev" : 0.000000,
          "N" : 0
        },
        "clat_ns" : {
          "min" : 0,
          "max" : 0,
          "mean" : 0.000000,
          "stddev" : 0.000000,
          "N" : 0
        },
        "lat_ns" : {
          "min" : 0,
          "max" : 0,
          "mean" : 0.000000,
          "stddev" : 0.000000,
          "N" : 0
        },
        "bw_min" : 0,
        "bw_max" : 0,
        "bw_agg" : 0.000000,
        "bw_mean" : 0.000000,
        "bw_dev" : 0.000000,
        "bw_samples" : 0,
        "iops_min" : 0,
        "iops_max" : 0,
        "iops_mean" : 0.000000,
        "iops_stddev" : 0.000000,
        "iops_samples" : 0
      },
      "sync" : {
        "total_ios" : 0,
        "lat_ns" : {
          "min" : 0,
          "max" : 0,
          "mean" : 0.000000,
          "stddev" : 0.000000,
          "N" : 0
        }
      },
      "job_runtime" : 30008,
      "usr_cpu" : 0.976406,
      "sys_cpu" : 2.755932,
      "ctx" : 102608,
      "majf" : 0,
      "minf" : 1,
      "iodepth_level" : {
        "1" : 0.100000,
        "2" : 0.100000,
        "4" : 0.100000,
        "8" : 0.100000,
        "16" : 99.971442,
        "32" : 0.000000,
        ">=64" : 0.000000
      },
      "iodepth_submit" : {
        "0" : 0.000000,
        "4" : 100.000000,
        "8" : 0.000000,
        "16" : 0.000000,
        "32" : 0.000000,
        "64" : 0.000000,
        ">=64" : 0.000000
      },
      "iodepth_complete" : {
        "0" : 0.000000,
        "4" : 99.998096,
        "8" : 0.000000,
        "16" : 0.100000,
        "32" : 0.000000,
        "64" : 0.000000,
        ">=64" : 0.000000
      },
      "latency_ns" : {
        "2" : 0.000000,
        "4" : 0.000000,
        "10" : 0.000000,
        "20" : 0.000000,
        "50" : 0.000000,
        "100" : 0.000000,
        "250" : 0.000000,
        "500" : 0.000000,
        "750" : 0.000000,
        "1000" : 0.000000
      },
      "latency_us" : {
        "2" : 0.000000,
        "4" : 0.000000,
        "10" : 0.000000,
        "20" : 0.000000,
        "50" : 0.000000,
        "100" : 0.000000,
        "250" : 0.000000,
        "500" : 0.000000,
        "750" : 0.022846,
        "1000" : 0.013327
      },
      "latency_ms" : {
        "2" : 0.140885,
        "4" : 0.967158,
        "10" : 96.072347,
        "20" : 2.092337,
        "50" : 0.538791,
        "100" : 0.060923,
        "250" : 0.000000,
        "500" : 0.091385,
        "750" : 0.000000,
        "1000" : 0.000000,
        "2000" : 0.000000,
        ">=2000" : 0.000000
      },
      "latency_depth" : 16,
      "latency_target" : 0,
      "latency_percentile" : 100.000000,
      "latency_window" : 0
    }
  ],
  "disk_util" : [
    {
      "name" : "sda",
      "read_ios" : 52379,
      "write_ios" : 0,
      "read_merges" : 0,
      "write_merges" : 0,
      "read_ticks" : 476654,
      "write_ticks" : 0,
      "in_queue" : 476654,
      "util" : 99.726320
    }
  ]
}
