{
  "fio version" : "fio-3.33",
  "timestamp" : 1727437287,
  "timestamp_ms" : 1727437287135,
  "time" : "Fri Sep 27 18:41:27 2024",
  "jobs" : [
    {
      "jobname" : "file",
      "groupid" : 0,
      "error" : 0,
      "eta" : 0,
      "elapsed" : 31,
      "job options" : {
        "rw" : "randrw",
        "size" : "80%",
        "rwmixread" : "100",
        "bs" : "64k",
        "ioengine" : "libaio",
        "iodepth" : "16",
        "direct" : "1",
        "runtime" : "30",
        "numjobs" : "1",
        "filename" : "/dev/sda"
      },
      "read" : {
        "io_bytes" : 3851288576,
        "io_kbytes" : 3761024,
        "bw_bytes" : 128337784,
        "bw" : 125329,
        "iops" : 1958.279183,
        "runtime" : 30009,
        "total_ios" : 58766,
        "short_ios" : 0,
        "drop_ios" : 0,
        "slat_ns" : {
          "min" : 13425,
          "max" : 632045,
          "mean" : 23988.271824,
          "stddev" : 9094.646489,
          "N" : 58766
        },
        "clat_ns" : {
          "min" : 836989,
          "max" : 68809164,
          "mean" : 8144451.792720,
          "stddev" : 1778248.936691,
          "N" : 58766,
          "percentile" : {
            "1.000000" : 6389760,
            "5.000000" : 6848512,
            "10.000000" : 7110656,
            "20.000000" : 7372800,
            "30.000000" : 7569408,
            "40.000000" : 7831552,
            "50.000000" : 8028160,
            "60.000000" : 8224768,
            "70.000000" : 8454144,
            "80.000000" : 8716288,
            "90.000000" : 9109504,
            "95.000000" : 9502720,
            "99.000000" : 10682368,
            "99.500000" : 12517376,
            "99.900000" : 31064064,
            "99.950000" : 33816576,
            "99.990000" : 66322432
          }
        },
        "lat_ns" : {
          "min" : 889789,
          "max" : 68833365,
          "mean" : 8168440.064544,
          "stddev" : 1777974.824315,
          "N" : 58766
        },
        "bw_min" : 115968,
        "bw_max" : 136431,
        "bw_agg" : 100.000000,
        "bw_mean" : 125516.728814,
        "bw_dev" : 4623.361420,
        "bw_samples" : 59,
        "iops_min" : 1812,
        "iops_max" : 2131,
        "iops_mean" : 1961.016949,
        "iops_stddev" : 72.144847,
        "iops_samples" : 59
      },
      "write" : {
        "io_bytes" : 0,
        "io_kbytes" : 0,
        "bw_bytes" : 0,
        "bw" : 0,
        "iops" : 0.000000,
        "runtime" : 0,
        "total_ios" : 0,
        "short_ios" : 0,
        "drop_ios" : 0,
        "slat_ns" : {
          "min" : 0,
          "max" : 0,
          "mean" : 0.000000,
          "stddev" : 0.000000,
          "N" : 0
        },
        "clat_ns" : {
          "min" : 0,
          "max" : 0,
          "mean" : 0.000000,
          "stddev" : 0.000000,
          "N" : 0
        },
        "lat_ns" : {
          "min" : 0,
          "max" : 0,
          "mean" : 0.000000,
          "stddev" : 0.000000,
          "N" : 0
        },
        "bw_min" : 0,
        "bw_max" : 0,
        "bw_agg" : 0.000000,
        "bw_mean" : 0.000000,
        "bw_dev" : 0.000000,
        "bw_samples" : 0,
        "iops_min" : 0,
        "iops_max" : 0,
        "iops_mean" : 0.000000,
        "iops_stddev" : 0.000000,
        "iops_samples" : 0
      },
      "trim" : {
        "io_bytes" : 0,
        "io_kbytes" : 0,
        "bw_bytes" : 0,
        "bw" : 0,
        "iops" : 0.000000,
        "runtime" : 0,
        "total_ios" : 0,
        "short_ios" : 0,
        "drop_ios" : 0,
        "slat_ns" : {
          "min" : 0,
          "max" : 0,
          "mean" : 0.000000,
          "stddev" : 0.000000,
          "N" : 0
        },
        "clat_ns" : {
          "min" : 0,
          "max" : 0,
          "mean" : 0.000000,
          "stddev" : 0.000000,
          "N" : 0
        },
        "lat_ns" : {
          "min" : 0,
          "max" : 0,
          "mean" : 0.000000,
          "stddev" : 0.000000,
          "N" : 0
        },
        "bw_min" : 0,
        "bw_max" : 0,
        "bw_agg" : 0.000000,
        "bw_mean" : 0.000000,
        "bw_dev" : 0.000000,
        "bw_samples" : 0,
        "iops_min" : 0,
        "iops_max" : 0,
        "iops_mean" : 0.000000,
        "iops_stddev" : 0.000000,
        "iops_samples" : 0
      },
      "sync" : {
        "total_ios" : 0,
        "lat_ns" : {
          "min" : 0,
          "max" : 0,
          "mean" : 0.000000,
          "stddev" : 0.000000,
          "N" : 0
        }
      },
      "job_runtime" : 30008,
      "usr_cpu" : 1.073047,
      "sys_cpu" : 3.172487,
      "ctx" : 117057,
      "majf" : 0,
      "minf" : 1,
      "iodepth_level" : {
        "1" : 0.100000,
        "2" : 0.100000,
        "4" : 0.100000,
        "8" : 0.100000,
        "16" : 99.974475,
        "32" : 0.000000,
        ">=64" : 0.000000
      },
      "iodepth_submit" : {
        "0" : 0.000000,
        "4" : 100.000000,
        "8" : 0.000000,
        "16" : 0.000000,
        "32" : 0.000000,
        "64" : 0.000000,
        ">=64" : 0.000000
      },
      "iodepth_complete" : {
        "0" : 0.000000,
        "4" : 99.998298,
        "8" : 0.000000,
        "16" : 0.100000,
        "32" : 0.000000,
        "64" : 0.000000,
        ">=64" : 0.000000
      },
      "latency_ns" : {
        "2" : 0.000000,
        "4" : 0.000000,
        "10" : 0.000000,
        "20" : 0.000000,
        "50" : 0.000000,
        "100" : 0.000000,
        "250" : 0.000000,
        "500" : 0.000000,
        "750" : 0.000000,
        "1000" : 0.000000
      },
      "latency_us" : {
        "2" : 0.000000,
        "4" : 0.000000,
        "10" : 0.000000,
        "20" : 0.000000,
        "50" : 0.000000,
        "100" : 0.000000,
        "250" : 0.000000,
        "500" : 0.000000,
        "750" : 0.000000,
        "1000" : 0.010210
      },
      "latency_ms" : {
        "2" : 0.027227,
        "4" : 0.095293,
        "10" : 97.808256,
        "20" : 1.648913,
        "50" : 0.382874,
        "100" : 0.027227,
        "250" : 0.000000,
        "500" : 0.000000,
        "750" : 0.000000,
        "1000" : 0.000000,
        "2000" : 0.000000,
        ">=2000" : 0.000000
      },
      "latency_depth" : 16,
      "latency_target" : 0,
      "latency_percentile" : 100.000000,
      "latency_window" : 0
    }
  ],
  "disk_util" : [
    {
      "name" : "sda",
      "read_ios" : 58639,
      "write_ios" : 0,
      "read_merges" : 0,
      "write_merges" : 0,
      "read_ticks" : 477334,
      "write_ticks" : 0,
      "in_queue" : 477333,
      "util" : 99.853216
    }
  ]
}
