{
  "fio version" : "fio-3.33",
  "timestamp" : 1727437196,
  "timestamp_ms" : 1727437196114,
  "time" : "Fri Sep 27 18:39:56 2024",
  "jobs" : [
    {
      "jobname" : "file",
      "groupid" : 0,
      "error" : 0,
      "eta" : 0,
      "elapsed" : 31,
      "job options" : {
        "rw" : "randrw",
        "size" : "80%",
        "rwmixread" : "100",
        "bs" : "8k",
        "ioengine" : "libaio",
        "iodepth" : "16",
        "direct" : "1",
        "runtime" : "30",
        "numjobs" : "1",
        "filename" : "/dev/sda"
      },
      "read" : {
        "io_bytes" : 385966080,
        "io_kbytes" : 376920,
        "bw_bytes" : 12861248,
        "bw" : 12559,
        "iops" : 1569.976674,
        "runtime" : 30010,
        "total_ios" : 47115,
        "short_ios" : 0,
        "drop_ios" : 0,
        "slat_ns" : {
          "min" : 10906,
          "max" : 37019178,
          "mean" : 22776.621968,
          "stddev" : 170638.056924,
          "N" : 47115
        },
        "clat_ns" : {
          "min" : 645121,
          "max" : 796990708,
          "mean" : 10166392.864969,
          "stddev" : 11746879.011690,
          "N" : 47115,
          "percentile" : {
            "1.000000" : 5865472,
            "5.000000" : 8159232,
            "10.000000" : 9240576,
            "20.000000" : 9502720,
            "30.000000" : 9764864,
            "40.000000" : 9895936,
            "50.000000" : 9895936,
            "60.000000" : 10027008,
            "70.000000" : 10027008,
            "80.000000" : 10158080,
            "90.000000" : 10289152,
            "95.000000" : 10289152,
            "99.000000" : 14352384,
            "99.500000" : 27918336,
            "99.900000" : 50069504,
            "99.950000" : 258998272,
            "99.990000" : 541065216
          }
        },
        "lat_ns" : {
          "min" : 701350,
          "max" : 797005793,
          "mean" : 10189169.486936,
          "stddev" : 11747483.902766,
          "N" : 47115
        },
        "bw_min" : 1824,
        "bw_max" : 14528,
        "bw_agg" : 100.000000,
        "bw_mean" : 12565.796610,
        "bw_dev" : 2027.680659,
        "bw_samples" : 59,
        "iops_min" : 228,
        "iops_max" : 1816,
        "iops_mean" : 1570.542373,
        "iops_stddev" : 253.468105,
        "iops_samples" : 59
      },
      "write" : {
        "io_bytes" : 0,
        "io_kbytes" : 0,
        "bw_bytes" : 0,
        "bw" : 0,
        "iops" : 0.000000,
        "runtime" : 0,
        "total_ios" : 0,
        "short_ios" : 0,
        "drop_ios" : 0,
        "slat_ns" : {
          "min" : 0,
          "max" : 0,
          "mean" : 0.000000,
          "stddev" : 0.000000,
          "N" : 0
        },
        "clat_ns" : {
          "min" : 0,
          "max" : 0,
          "mean" : 0.000000,
          "stddev" : 0.000000,
          "N" : 0
        },
        "lat_ns" : {
          "min" : 0,
          "max" : 0,
          "mean" : 0.000000,
          "stddev" : 0.000000,
          "N" : 0
        },
        "bw_min" : 0,
        "bw_max" : 0,
        "bw_agg" : 0.000000,
        "bw_mean" : 0.000000,
        "bw_dev" : 0.000000,
        "bw_samples" : 0,
        "iops_min" : 0,
        "iops_max" : 0,
        "iops_mean" : 0.000000,
        "iops_stddev" : 0.000000,
        "iops_samples" : 0
      },
      "trim" : {
        "io_bytes" : 0,
        "io_kbytes" : 0,
        "bw_bytes" : 0,
        "bw" : 0,
        "iops" : 0.000000,
        "runtime" : 0,
        "total_ios" : 0,
        "short_ios" : 0,
        "drop_ios" : 0,
        "slat_ns" : {
          "min" : 0,
          "max" : 0,
          "mean" : 0.000000,
          "stddev" : 0.000000,
          "N" : 0
        },
        "clat_ns" : {
          "min" : 0,
          "max" : 0,
          "mean" : 0.000000,
          "stddev" : 0.000000,
          "N" : 0
        },
        "lat_ns" : {
          "min" : 0,
          "max" : 0,
          "mean" : 0.000000,
          "stddev" : 0.000000,
          "N" : 0
        },
        "bw_min" : 0,
        "bw_max" : 0,
        "bw_agg" : 0.000000,
        "bw_mean" : 0.000000,
        "bw_dev" : 0.000000,
        "bw_samples" : 0,
        "iops_min" : 0,
        "iops_max" : 0,
        "iops_mean" : 0.000000,
        "iops_stddev" : 0.000000,
        "iops_samples" : 0
      },
      "sync" : {
        "total_ios" : 0,
        "lat_ns" : {
          "min" : 0,
          "max" : 0,
          "mean" : 0.000000,
          "stddev" : 0.000000,
          "N" : 0
        }
      },
      "job_runtime" : 30009,
      "usr_cpu" : 0.633143,
      "sys_cpu" : 2.575894,
      "ctx" : 93410,
      "majf" : 0,
      "minf" : 1,
      "iodepth_level" : {
        "1" : 0.100000,
        "2" : 0.100000,
        "4" : 0.100000,
        "8" : 0.100000,
        "16" : 99.968163,
        "32" : 0.000000,
        ">=64" : 0.000000
      },
      "iodepth_submit" : {
        "0" : 0.000000,
        "4" : 100.000000,
        "8" : 0.000000,
        "16" : 0.000000,
        "32" : 0.000000,
        "64" : 0.000000,
        ">=64" : 0.000000
      },
      "iodepth_complete" : {
        "0" : 0.000000,
        "4" : 99.997877,
        "8" : 0.000000,
        "16" : 0.100000,
        "32" : 0.000000,
        "64" : 0.000000,
        ">=64" : 0.000000
      },
      "latency_ns" : {
        "2" : 0.000000,
        "4" : 0.000000,
        "10" : 0.000000,
        "20" : 0.000000,
        "50" : 0.000000,
        "100" : 0.000000,
        "250" : 0.000000,
        "500" : 0.000000,
        "750" : 0.000000,
        "1000" : 0.000000
      },
      "latency_us" : {
        "2" : 0.000000,
        "4" : 0.000000,
        "10" : 0.000000,
        "20" : 0.000000,
        "50" : 0.000000,
        "100" : 0.000000,
        "250" : 0.000000,
        "500" : 0.000000,
        "750" : 0.016980,
        "1000" : 0.012735
      },
      "latency_ms" : {
        "2" : 0.061552,
        "4" : 0.171920,
        "10" : 58.605540,
        "20" : 40.335350,
        "50" : 0.694046,
        "100" : 0.038204,
        "250" : 0.000000,
        "500" : 0.029715,
        "750" : 0.029715,
        "1000" : 0.010000,
        "2000" : 0.000000,
        ">=2000" : 0.000000
      },
      "latency_depth" : 16,
      "latency_target" : 0,
      "latency_percentile" : 100.000000,
      "latency_window" : 0
    }
  ],
  "disk_util" : [
    {
      "name" : "sda",
      "read_ios" : 46967,
      "write_ios" : 0,
      "read_merges" : 0,
      "write_merges" : 0,
      "read_ticks" : 477145,
      "write_ticks" : 0,
      "in_queue" : 477146,
      "util" : 99.819748
    }
  ]
}
